Sno,Date,Province/State,Country,Last Update,Confirmed,Deaths,Recovered
1,1/22/2020 12:00,Anhui,China,1/22/2020 12:00,1,0,0
2,1/22/2020 12:00,Beijing,China,1/22/2020 12:00,14,0,0
3,1/22/2020 12:00,Chongqing,China,1/22/2020 12:00,6,0,0
4,1/22/2020 12:00,Fujian,China,1/22/2020 12:00,1,0,0
5,1/22/2020 12:00,Gansu,China,1/22/2020 12:00,0,0,0
6,1/22/2020 12:00,Guangdong,China,1/22/2020 12:00,26,0,0
7,1/22/2020 12:00,Guangxi,China,1/22/2020 12:00,2,0,0
8,1/22/2020 12:00,Guizhou,China,1/22/2020 12:00,1,0,0
9,1/22/2020 12:00,Hainan,China,1/22/2020 12:00,4,0,0
10,1/22/2020 12:00,Hebei,China,1/22/2020 12:00,1,0,0
11,1/22/2020 12:00,Heilongjiang,China,1/22/2020 12:00,0,0,0
12,1/22/2020 12:00,Henan,China,1/22/2020 12:00,5,0,0
13,1/22/2020 12:00,Hong Kong,China,1/22/2020 12:00,0,0,0
14,1/22/2020 12:00,Hubei,China,1/22/2020 12:00,444,0,0
15,1/22/2020 12:00,Hunan,China,1/22/2020 12:00,4,0,0
16,1/22/2020 12:00,Inner Mongolia,China,1/22/2020 12:00,0,0,0
17,1/22/2020 12:00,Jiangsu,China,1/22/2020 12:00,1,0,0
18,1/22/2020 12:00,Jiangxi,China,1/22/2020 12:00,2,0,0
19,1/22/2020 12:00,Jilin,China,1/22/2020 12:00,0,0,0
20,1/22/2020 12:00,Liaoning,China,1/22/2020 12:00,2,0,0
21,1/22/2020 12:00,Macau,China,1/22/2020 12:00,1,0,0
22,1/22/2020 12:00,Ningxia,China,1/22/2020 12:00,1,0,0
23,1/22/2020 12:00,Qinghai,China,1/22/2020 12:00,0,0,0
24,1/22/2020 12:00,Shaanxi,China,1/22/2020 12:00,0,0,0
25,1/22/2020 12:00,Shandong,China,1/22/2020 12:00,2,0,0
26,1/22/2020 12:00,Shanghai,China,1/22/2020 12:00,9,0,0
27,1/22/2020 12:00,Shanxi,China,1/22/2020 12:00,1,0,0
28,1/22/2020 12:00,Sichuan,China,1/22/2020 12:00,5,0,0
29,1/22/2020 12:00,Taiwan,China,1/22/2020 12:00,1,0,0
30,1/22/2020 12:00,Tianjin,China,1/22/2020 12:00,4,0,0
31,1/22/2020 12:00,Tibet,China,1/22/2020 12:00,0,0,0
32,1/22/2020 12:00,Washington,US,1/22/2020 12:00,1,0,0
33,1/22/2020 12:00,Xinjiang,China,1/22/2020 12:00,0,0,0
34,1/22/2020 12:00,Yunnan,China,1/22/2020 12:00,1,0,0
35,1/22/2020 12:00,Zhejiang,China,1/22/2020 12:00,10,0,0
36,1/22/2020 12:00,,Japan,1/22/2020 12:00,2,0,0
37,1/22/2020 12:00,,Thailand,1/22/2020 12:00,2,0,0
38,1/22/2020 12:00,,South Korea,1/22/2020 12:00,1,0,0
39,1/23/2020 12:00,Anhui,Mainland China,1/23/2020 12:00,9,0,0
40,1/23/2020 12:00,Beijing,Mainland China,1/23/2020 12:00,22,0,0
41,1/23/2020 12:00,Chongqing,Mainland China,1/23/2020 12:00,9,0,0
42,1/23/2020 12:00,Fujian,Mainland China,1/23/2020 12:00,5,0,0
43,1/23/2020 12:00,Gansu,Mainland China,1/23/2020 12:00,2,0,0
44,1/23/2020 12:00,Guangdong,Mainland China,1/23/2020 12:00,32,0,2
45,1/23/2020 12:00,Guangxi,Mainland China,1/23/2020 12:00,5,0,0
46,1/23/2020 12:00,Guizhou,Mainland China,1/23/2020 12:00,3,0,0
47,1/23/2020 12:00,Hainan,Mainland China,1/23/2020 12:00,5,0,0
48,1/23/2020 12:00,Hebei,Mainland China,1/23/2020 12:00,1,1,0
49,1/23/2020 12:00,Heilongjiang,Mainland China,1/23/2020 12:00,2,0,0
50,1/23/2020 12:00,Henan,Mainland China,1/23/2020 12:00,5,0,0
51,1/23/2020 12:00,Hong Kong,Hong Kong,1/23/2020 12:00,2,0,0
52,1/23/2020 12:00,Hubei,Mainland China,1/23/2020 12:00,444,17,28
53,1/23/2020 12:00,Hunan,Mainland China,1/23/2020 12:00,9,0,0
54,1/23/2020 12:00,Inner Mongolia,Mainland China,1/23/2020 12:00,0,0,0
55,1/23/2020 12:00,Jiangsu,Mainland China,1/23/2020 12:00,5,0,0
56,1/23/2020 12:00,Jiangxi,Mainland China,1/23/2020 12:00,7,0,0
57,1/23/2020 12:00,Jilin,Mainland China,1/23/2020 12:00,1,0,0
58,1/23/2020 12:00,Liaoning,Mainland China,1/23/2020 12:00,3,0,0
59,1/23/2020 12:00,Macau,Macau,1/23/2020 12:00,2,0,0
60,1/23/2020 12:00,Ningxia,Mainland China,1/23/2020 12:00,1,0,0
61,1/23/2020 12:00,Qinghai,Mainland China,1/23/2020 12:00,0,0,0
62,1/23/2020 12:00,Shaanxi,Mainland China,1/23/2020 12:00,3,0,0
63,1/23/2020 12:00,Shandong,Mainland China,1/23/2020 12:00,6,0,0
64,1/23/2020 12:00,Shanghai,Mainland China,1/23/2020 12:00,16,0,0
65,1/23/2020 12:00,Shanxi,Mainland China,1/23/2020 12:00,1,0,0
66,1/23/2020 12:00,Sichuan,Mainland China,1/23/2020 12:00,8,0,0
67,1/23/2020 12:00,Taiwan,Taiwan,1/23/2020 12:00,1,0,0
68,1/23/2020 12:00,Tianjin,Mainland China,1/23/2020 12:00,4,0,0
69,1/23/2020 12:00,Tibet,Mainland China,1/23/2020 12:00,0,0,0
70,1/23/2020 12:00,Washington,US,1/23/2020 12:00,1,0,0
71,1/23/2020 12:00,Xinjiang,Mainland China,1/23/2020 12:00,2,0,0
72,1/23/2020 12:00,Yunnan,Mainland China,1/23/2020 12:00,2,0,0
73,1/23/2020 12:00,Zhejiang,Mainland China,1/23/2020 12:00,27,0,0
74,1/23/2020 12:00,,Japan,1/23/2020 12:00,1,0,0
75,1/23/2020 12:00,,Thailand,1/23/2020 12:00,3,0,0
76,1/23/2020 12:00,,South Korea,1/23/2020 12:00,1,0,0
77,1/23/2020 12:00,,Singapore,1/23/2020 12:00,1,0,0
78,1/23/2020 12:00,,Philippines,1/23/2020 12:00,0,0,0
79,1/23/2020 12:00,,Malaysia,1/23/2020 12:00,0,0,0
80,1/23/2020 12:00,,Vietnam,1/23/2020 12:00,2,0,0
81,1/23/2020 12:00,,Australia,1/23/2020 12:00,0,0,0
82,1/23/2020 12:00,,Mexico,1/23/2020 12:00,0,0,0
83,1/23/2020 12:00,,Brazil,1/23/2020 12:00,0,0,0
84,1/24/2020 12:00,Hubei,Mainland China,1/24/2020 12:00,549,24,31
85,1/24/2020 12:00,Guangdong,Mainland China,1/24/2020 12:00,53,0,2
86,1/24/2020 12:00,Zhejiang,Mainland China,1/24/2020 12:00,43,0,1
87,1/24/2020 12:00,Beijing,Mainland China,1/24/2020 12:00,36,0,1
88,1/24/2020 12:00,Chongqing,Mainland China,1/24/2020 12:00,27,0,0
89,1/24/2020 12:00,Hunan,Mainland China,1/24/2020 12:00,24,0,0
90,1/24/2020 12:00,Guangxi,Mainland China,1/24/2020 12:00,23,0,0
91,1/24/2020 12:00,Shanghai,Mainland China,1/24/2020 12:00,20,0,1
92,1/24/2020 12:00,Jiangxi,Mainland China,1/24/2020 12:00,18,0,0
93,1/24/2020 12:00,Sichuan,Mainland China,1/24/2020 12:00,15,0,0
94,1/24/2020 12:00,Shandong,Mainland China,1/24/2020 12:00,15,0,0
95,1/24/2020 12:00,Anhui,Mainland China,1/24/2020 12:00,15,0,0
96,1/24/2020 12:00,Fujian,Mainland China,1/24/2020 12:00,10,0,0
97,1/24/2020 12:00,Henan,Mainland China,1/24/2020 12:00,9,0,0
98,1/24/2020 12:00,Jiangsu,Mainland China,1/24/2020 12:00,9,0,0
99,1/24/2020 12:00,Hainan,Mainland China,1/24/2020 12:00,8,0,0
100,1/24/2020 12:00,Tianjin,Mainland China,1/24/2020 12:00,8,0,0
101,1/24/2020 12:00,Yunnan,Mainland China,1/24/2020 12:00,5,0,0
102,1/24/2020 12:00,Shaanxi,Mainland China,1/24/2020 12:00,5,0,0
103,1/24/2020 12:00,Heilongjiang,Mainland China,1/24/2020 12:00,4,1,0
104,1/24/2020 12:00,Liaoning,Mainland China,1/24/2020 12:00,4,0,0
105,1/24/2020 12:00,Guizhou,Mainland China,1/24/2020 12:00,3,0,0
106,1/24/2020 12:00,Jilin,Mainland China,1/24/2020 12:00,3,0,0
107,1/24/2020 12:00,Taiwan,Taiwan,1/24/2020 12:00,3,0,0
108,1/24/2020 12:00,Ningxia,Mainland China,1/24/2020 12:00,2,0,0
109,1/24/2020 12:00,Hong Kong,Hong Kong,1/24/2020 12:00,2,0,0
110,1/24/2020 12:00,Macau,Macau,1/24/2020 12:00,2,0,0
111,1/24/2020 12:00,Hebei,Mainland China,1/24/2020 12:00,2,1,0
112,1/24/2020 12:00,Gansu,Mainland China,1/24/2020 12:00,2,0,0
113,1/24/2020 12:00,Xinjiang,Mainland China,1/24/2020 12:00,2,0,0
114,1/24/2020 12:00,Shanxi,Mainland China,1/24/2020 12:00,1,0,0
115,1/24/2020 12:00,Inner Mongolia,Mainland China,1/24/2020 12:00,1,0,0
116,1/24/2020 12:00,Qinghai,Mainland China,1/24/2020 12:00,0,0,0
117,1/24/2020 12:00,Washington,US,1/24/2020 12:00,1,0,0
118,1/24/2020 12:00,Chicago,US,1/24/2020 12:00,1,0,0
119,1/24/2020 12:00,,Japan,1/24/2020 12:00,2,0,0
120,1/24/2020 12:00,,Thailand,1/24/2020 12:00,5,0,0
121,1/24/2020 12:00,,South Korea,1/24/2020 12:00,2,0,0
122,1/24/2020 12:00,,Singapore,1/24/2020 12:00,3,0,0
123,1/24/2020 12:00,,Vietnam,1/24/2020 12:00,2,0,0
124,1/24/2020 12:00,,France,1/24/2020 16:00,2,0,0
125,1/25/2020 22:00,Hubei,Mainland China,1/25/2020 22:00,1052,52,42
126,1/25/2020 22:00,Zhejiang,Mainland China,1/25/2020 22:00,104,0,1
127,1/25/2020 22:00,Guangdong,Mainland China,1/25/2020 12:00,98,0,2
128,1/25/2020 22:00,Henan,Mainland China,1/25/2020 12:00,83,1,0
129,1/25/2020 22:00,Chongqing,Mainland China,1/25/2020 12:00,75,0,0
130,1/25/2020 22:00,Hunan,Mainland China,1/25/2020 12:00,69,0,0
131,1/25/2020 22:00,Anhui,Mainland China,1/25/2020 12:00,60,0,0
132,1/25/2020 22:00,Beijing,Mainland China,1/25/2020 12:00,51,0,2
133,1/25/2020 22:00,Sichuan,Mainland China,1/25/2020 12:00,44,0,0
134,1/25/2020 22:00,Shanghai,Mainland China,1/25/2020 12:00,40,1,1
135,1/25/2020 22:00,Shandong,Mainland China,1/25/2020 12:00,39,0,0
136,1/25/2020 22:00,Jiangxi,Mainland China,1/25/2020 12:00,36,0,0
137,1/25/2020 22:00,Guangxi,Mainland China,1/25/2020 12:00,33,0,0
138,1/25/2020 22:00,Jiangsu,Mainland China,1/25/2020 12:00,31,0,1
139,1/25/2020 22:00,Hainan,Mainland China,1/25/2020 12:00,19,0,0
140,1/25/2020 22:00,Liaoning,Mainland China,1/25/2020 12:00,19,0,0
141,1/25/2020 22:00,Fujian,Mainland China,1/25/2020 12:00,18,1,0
142,1/25/2020 22:00,Heilongjiang,Mainland China,1/25/2020 12:00,15,0,0
143,1/25/2020 22:00,Shaanxi,Mainland China,1/25/2020 12:00,15,0,0
144,1/25/2020 22:00,Tianjin,Mainland China,1/25/2020 12:00,13,0,0
145,1/25/2020 22:00,Hebei,Mainland China,1/25/2020 12:00,13,1,0
146,1/25/2020 22:00,Yunnan,Mainland China,1/25/2020 12:00,11,0,0
147,1/25/2020 22:00,Shanxi,Mainland China,1/25/2020 12:00,9,0,0
148,1/25/2020 22:00,Inner Mongolia,Mainland China,1/25/2020 12:00,7,0,0
149,1/25/2020 22:00,Gansu,Mainland China,1/25/2020 12:00,7,0,0
150,1/25/2020 22:00,Guizhou,Mainland China,1/25/2020 12:00,5,0,0
151,1/25/2020 22:00,Hong Kong,Hong Kong,1/25/2020 12:00,5,0,0
152,1/25/2020 22:00,Ningxia,Mainland China,1/25/2020 12:00,4,0,0
153,1/25/2020 22:00,Jilin,Mainland China,1/25/2020 12:00,4,0,0
154,1/25/2020 22:00,Xinjiang,Mainland China,1/25/2020 12:00,4,0,0
155,1/25/2020 22:00,Taiwan,Taiwan,1/25/2020 12:00,3,0,0
156,1/25/2020 22:00,Macau,Macau,1/25/2020 12:00,2,0,0
157,1/25/2020 22:00,Qinghai,Mainland China,1/25/2020 12:00,1,0,0
158,1/25/2020 22:00,Washington,US,1/25/2020 12:00,1,0,0
159,1/25/2020 22:00,Illinois,US,1/25/2020 12:00,1,0,0
160,1/25/2020 22:00,,Japan,1/25/2020 12:00,2,0,0
161,1/25/2020 22:00,,Thailand,1/25/2020 12:00,7,0,0
162,1/25/2020 22:00,,South Korea,1/25/2020 12:00,3,0,0
163,1/25/2020 22:00,,Singapore,1/25/2020 12:00,3,0,0
164,1/25/2020 22:00,,Vietnam,1/25/2020 12:00,2,0,0
165,1/25/2020 22:00,,France,1/25/2020 12:00,3,0,0
166,1/25/2020 22:00,,Australia,1/25/2020 12:00,4,0,0
167,1/25/2020 22:00,,Nepal,1/25/2020 12:00,1,0,0
168,1/25/2020 22:00,,Malaysia,1/25/2020 12:00,3,0,0
169,1/26/2020 23:00,Hubei,Mainland China,1/26/2020 23:00,1423,76,44
170,1/26/2020 23:00,Guangdong,Mainland China,1/26/2020 23:00,146,0,2
171,1/26/2020 23:00,Zhejiang,Mainland China,1/26/2020 23:00,128,0,1
172,1/26/2020 23:00,Henan,Mainland China,1/26/2020 23:00,128,1,0
173,1/26/2020 23:00,Chongqing,Mainland China,1/26/2020 23:00,110,0,0
174,1/26/2020 23:00,Hunan,Mainland China,1/26/2020 23:00,100,0,0
175,1/26/2020 23:00,Anhui,Mainland China,1/26/2020 23:00,70,0,0
176,1/26/2020 23:00,Sichuan,Mainland China,1/26/2020 23:00,69,0,0
177,1/26/2020 23:00,Beijing,Mainland China,1/26/2020 23:00,68,0,2
178,1/26/2020 23:00,Shandong,Mainland China,1/26/2020 23:00,63,0,0
179,1/26/2020 23:00,Shanghai,Mainland China,1/26/2020 23:00,53,1,1
180,1/26/2020 23:00,Jiangxi,Mainland China,1/26/2020 23:00,48,0,0
181,1/26/2020 23:00,Jiangsu,Mainland China,1/26/2020 23:00,47,0,1
182,1/26/2020 23:00,Guangxi,Mainland China,1/26/2020 23:00,46,0,0
183,1/26/2020 23:00,Fujian,Mainland China,1/26/2020 23:00,35,0,0
184,1/26/2020 23:00,Liaoning,Mainland China,1/26/2020 23:00,23,0,0
185,1/26/2020 23:00,Hainan,Mainland China,1/26/2020 23:00,22,0,0
186,1/26/2020 23:00,Shaanxi,Mainland China,1/26/2020 23:00,22,0,0
187,1/26/2020 23:00,Heilongjiang,Mainland China,1/26/2020 23:00,21,1,0
188,1/26/2020 23:00,Yunnan,Mainland China,1/26/2020 23:00,19,0,0
189,1/26/2020 23:00,Hebei,Mainland China,1/26/2020 23:00,18,1,0
190,1/26/2020 23:00,Tianjin,Mainland China,1/26/2020 23:00,14,0,0
191,1/26/2020 23:00,Gansu,Mainland China,1/26/2020 23:00,14,0,0
192,1/26/2020 23:00,Shanxi,Mainland China,1/26/2020 23:00,13,0,0
193,1/26/2020 23:00,Inner Mongolia,Mainland China,1/26/2020 23:00,11,0,0
194,1/26/2020 23:00,Hong Kong,Hong Kong,1/26/2020 23:00,8,0,0
195,1/26/2020 23:00,Guizhou,Mainland China,1/26/2020 23:00,7,0,0
196,1/26/2020 23:00,Jilin,Mainland China,1/26/2020 23:00,6,0,0
197,1/26/2020 23:00,Macau,Macau,1/26/2020 23:00,6,0,0
198,1/26/2020 23:00,Xinjiang,Mainland China,1/26/2020 23:00,5,0,0
199,1/26/2020 23:00,Ningxia,Mainland China,1/26/2020 23:00,4,0,0
200,1/26/2020 23:00,Taiwan,Taiwan,1/26/2020 23:00,4,0,0
201,1/26/2020 23:00,Qinghai,Mainland China,1/26/2020 23:00,4,0,0
202,1/26/2020 23:00,Washington,US,1/26/2020 23:00,1,0,0
203,1/26/2020 23:00,Illinois,US,1/26/2020 23:00,1,0,0
204,1/26/2020 23:00,California,US,1/26/2020 23:00,2,0,0
205,1/26/2020 23:00,Arizona,US,1/26/2020 23:00,1,0,0
206,1/26/2020 23:00,,Japan,1/26/2020 23:00,4,0,1
207,1/26/2020 23:00,,Thailand,1/26/2020 23:00,8,0,2
208,1/26/2020 23:00,,South Korea,1/26/2020 23:00,3,0,0
209,1/26/2020 23:00,,Singapore,1/26/2020 23:00,4,0,0
210,1/26/2020 23:00,,Vietnam,1/26/2020 23:00,2,0,0
211,1/26/2020 23:00,,France,1/26/2020 23:00,3,0,0
212,1/26/2020 23:00,,Australia,1/26/2020 23:00,4,0,0
213,1/26/2020 23:00,,Nepal,1/26/2020 23:00,1,0,0
214,1/26/2020 23:00,,Malaysia,1/26/2020 23:00,4,0,0
215,1/26/2020 23:00,Ontario,Canada,1/26/2020 23:00,1,0,0
216,1/27/2020 20:30,Hubei,Mainland China,1/27/2020 20:30,2714,100,47
217,1/27/2020 20:30,Zhejiang,Mainland China,1/27/2020 20:30,173,0,1
218,1/27/2020 20:30,Henan,Mainland China,1/27/2020 20:30,168,1,0
219,1/27/2020 20:30,Guangdong,Mainland China,1/27/2020 20:30,151,0,4
220,1/27/2020 20:30,Chongqing,Mainland China,1/27/2020 20:30,132,0,0
221,1/27/2020 20:30,Anhui,Mainland China,1/27/2020 20:30,106,0,0
222,1/27/2020 20:30,Hunan,Mainland China,1/27/2020 20:30,100,0,0
223,1/27/2020 20:30,Sichuan,Mainland China,1/27/2020 20:30,90,0,0
224,1/27/2020 20:30,Shandong,Mainland China,1/27/2020 20:30,87,1,0
225,1/27/2020 20:30,Beijing,Mainland China,1/27/2020 20:30,80,1,2
226,1/27/2020 20:30,Jiangxi,Mainland China,1/27/2020 20:30,72,0,2
227,1/27/2020 20:30,Jiangsu,Mainland China,1/27/2020 20:30,70,0,1
228,1/27/2020 20:30,Shanghai,Mainland China,1/27/2020 20:30,66,1,3
229,1/27/2020 20:30,Fujian,Mainland China,1/27/2020 20:30,59,0,0
230,1/27/2020 20:30,Guangxi,Mainland China,1/27/2020 20:30,51,0,0
231,1/27/2020 20:30,Shaanxi,Mainland China,1/27/2020 20:30,35,0,0
232,1/27/2020 20:30,Hainan,Mainland China,1/27/2020 20:30,33,1,0
233,1/27/2020 20:30,Hebei,Mainland China,1/27/2020 20:30,33,1,0
234,1/27/2020 20:30,Heilongjiang,Mainland China,1/27/2020 20:30,30,1,0
235,1/27/2020 20:30,Liaoning,Mainland China,1/27/2020 20:30,27,0,0
236,1/27/2020 20:30,Yunnan,Mainland China,1/27/2020 20:30,26,0,0
237,1/27/2020 20:30,Tianjin,Mainland China,1/27/2020 20:30,23,0,0
238,1/27/2020 20:30,Shanxi,Mainland China,1/27/2020 20:30,20,0,0
239,1/27/2020 20:30,Gansu,Mainland China,1/27/2020 20:30,19,0,0
240,1/27/2020 20:30,Inner Mongolia,Mainland China,1/27/2020 20:30,11,0,0
241,1/27/2020 20:30,Guizhou,Mainland China,1/27/2020 20:30,9,0,0
242,1/27/2020 20:30,Hong Kong,Hong Kong,1/27/2020 20:30,8,0,0
243,1/27/2020 20:30,Ningxia,Mainland China,1/27/2020 20:30,7,0,0
244,1/27/2020 20:30,Jilin,Mainland China,1/27/2020 20:30,6,0,0
245,1/27/2020 20:30,Macau,Macau,1/27/2020 20:30,6,0,0
246,1/27/2020 20:30,Qinghai,Mainland China,1/27/2020 20:30,6,0,0
247,1/27/2020 20:30,Taiwan,Taiwan,1/27/2020 20:30,5,0,0
248,1/27/2020 20:30,Xinjiang,Mainland China,1/27/2020 20:30,5,0,0
249,1/27/2020 20:30,Washington,US,1/27/2020 20:30,1,0,0
250,1/27/2020 20:30,Illinois,US,1/27/2020 20:30,1,0,0
251,1/27/2020 20:30,California,US,1/27/2020 20:30,2,0,0
252,1/27/2020 20:30,Arizona,US,1/27/2020 20:30,1,0,0
253,1/27/2020 20:30,,Japan,1/27/2020 20:30,4,0,1
254,1/27/2020 20:30,,Thailand,1/27/2020 20:30,8,0,2
255,1/27/2020 20:30,,South Korea,1/27/2020 20:30,4,0,0
256,1/27/2020 20:30,,Singapore,1/27/2020 20:30,5,0,0
257,1/27/2020 20:30,,Vietnam,1/27/2020 20:30,2,0,0
258,1/27/2020 20:30,,France,1/27/2020 20:30,3,0,0
259,1/27/2020 20:30,,Nepal,1/27/2020 20:30,1,0,0
260,1/27/2020 20:30,,Malaysia,1/27/2020 20:30,4,0,0
261,1/27/2020 20:30,Ontario,Canada,1/27/2020 20:30,1,0,0
262,1/27/2020 20:30,,Cambodia,1/27/2020 20:30,1,0,0
263,1/27/2020 20:30,,Sri Lanka,1/27/2020 20:30,1,0,0
264,1/27/2020 20:30,,Ivory Coast,1/27/2020 20:30,0,0,0
265,1/27/2020 20:30,New South Wales,Australia,1/27/2020 20:30,4,0,0
266,1/27/2020 20:30,Victoria,Australia,1/27/2020 20:30,1,0,0
267,1/27/2020 20:30,Bavaria,Germany,1/27/2020 20:30,1,0,0
268,1/28/2020 23:00,Hubei,Mainland China,1/28/2020 23:00,3554,125,80
269,1/28/2020 23:00,Zhejiang,Mainland China,1/28/2020 23:00,296,0,3
270,1/28/2020 23:00,Guangdong,Mainland China,1/28/2020 23:00,241,0,5
271,1/28/2020 23:00,Hunan,Mainland China,1/28/2020 23:00,221,0,0
272,1/28/2020 23:00,Henan,Mainland China,1/28/2020 23:00,206,2,1
273,1/28/2020 23:00,Anhui,Mainland China,1/28/2020 23:00,152,0,0
274,1/28/2020 23:00,Chongqing,Mainland China,1/28/2020 23:00,147,0,1
275,1/28/2020 23:00,Shandong,Mainland China,1/28/2020 23:00,121,0,0
276,1/28/2020 23:00,Jiangxi,Mainland China,1/28/2020 23:00,109,0,3
277,1/28/2020 23:00,Sichuan,Mainland China,1/28/2020 23:00,108,0,0
278,1/28/2020 23:00,Jiangsu,Mainland China,1/28/2020 23:00,99,0,1
279,1/28/2020 23:00,Beijing,Mainland China,1/28/2020 23:00,91,1,4
280,1/28/2020 23:00,Fujian,Mainland China,1/28/2020 23:00,82,0,0
281,1/28/2020 23:00,Shanghai,Mainland China,1/28/2020 23:00,80,1,4
282,1/28/2020 23:00,Guangxi,Mainland China,1/28/2020 23:00,58,0,2
283,1/28/2020 23:00,Shaanxi,Mainland China,1/28/2020 23:00,56,0,0
284,1/28/2020 23:00,Hebei,Mainland China,1/28/2020 23:00,48,1,0
285,1/28/2020 23:00,Yunnan,Mainland China,1/28/2020 23:00,44,0,0
286,1/28/2020 23:00,Hainan,Mainland China,1/28/2020 23:00,43,1,0
287,1/28/2020 23:00,Heilongjiang,Mainland China,1/28/2020 23:00,37,1,0
288,1/28/2020 23:00,Liaoning,Mainland China,1/28/2020 23:00,36,0,0
289,1/28/2020 23:00,Shanxi,Mainland China,1/28/2020 23:00,27,0,0
290,1/28/2020 23:00,Tianjin,Mainland China,1/28/2020 23:00,25,0,0
291,1/28/2020 23:00,Gansu,Mainland China,1/28/2020 23:00,24,0,0
292,1/28/2020 23:00,Inner Mongolia,Mainland China,1/28/2020 23:00,16,0,0
293,1/28/2020 23:00,Xinjiang,Mainland China,1/28/2020 23:00,13,0,0
294,1/28/2020 23:00,Ningxia,Mainland China,1/28/2020 23:00,12,0,0
295,1/28/2020 23:00,Guizhou,Mainland China,1/28/2020 23:00,9,0,0
296,1/28/2020 23:00,Jilin,Mainland China,1/28/2020 23:00,9,0,0
297,1/28/2020 23:00,Hong Kong,Hong Kong,1/28/2020 23:00,8,0,0
298,1/28/2020 23:00,Taiwan,Taiwan,1/28/2020 23:00,8,0,0
299,1/28/2020 23:00,Macau,Macau,1/28/2020 23:00,7,0,0
300,1/28/2020 23:00,Qinghai,Mainland China,1/28/2020 23:00,6,0,0
301,1/28/2020 23:00,Washington,US,1/28/2020 23:00,1,0,0
302,1/28/2020 23:00,Illinois,US,1/28/2020 23:00,1,0,0
303,1/28/2020 23:00,California,US,1/28/2020 23:00,2,0,0
304,1/28/2020 23:00,Arizona,US,1/28/2020 23:00,1,0,0
305,1/28/2020 23:00,,Japan,1/28/2020 23:00,7,0,1
306,1/28/2020 23:00,,Thailand,1/28/2020 23:00,14,0,5
307,1/28/2020 23:00,,South Korea,1/28/2020 23:00,4,0,0
308,1/28/2020 23:00,,Singapore,1/28/2020 23:00,7,0,0
309,1/28/2020 23:00,,Vietnam,1/28/2020 23:00,2,0,0
310,1/28/2020 23:00,,France,1/28/2020 23:00,4,0,0
311,1/28/2020 23:00,,Nepal,1/28/2020 23:00,1,0,0
312,1/28/2020 23:00,,Malaysia,1/28/2020 23:00,7,0,0
313,1/28/2020 23:00,Ontario,Canada,1/28/2020 23:00,1,0,0
314,1/28/2020 23:00,British Columbia,Canada,1/28/2020 23:00,1,0,0
315,1/28/2020 23:00,,Cambodia,1/28/2020 23:00,1,0,0
316,1/28/2020 23:00,,Sri Lanka,1/28/2020 23:00,1,0,0
317,1/28/2020 23:00,New South Wales,Australia,1/28/2020 23:00,4,0,0
318,1/28/2020 23:00,Victoria,Australia,1/28/2020 23:00,1,0,0
319,1/28/2020 23:00,Bavaria,Germany,1/28/2020 23:00,4,0,0
320,1/29/2020 21:00,Hubei,Mainland China,1/29/2020 21:00,4586,162,90
321,1/29/2020 21:00,Zhejiang,Mainland China,1/29/2020 21:00,428,0,4
322,1/29/2020 21:00,Guangdong,Mainland China,1/29/2020 21:00,311,0,6
323,1/29/2020 21:00,Henan,Mainland China,1/29/2020 21:00,278,2,2
324,1/29/2020 21:00,Hunan,Mainland China,1/29/2020 21:00,277,0,0
325,1/29/2020 21:00,Anhui,Mainland China,1/29/2020 21:00,200,0,2
326,1/29/2020 21:00,Chongqing,Mainland China,1/29/2020 21:00,165,0,1
327,1/29/2020 21:00,Jiangxi,Mainland China,1/29/2020 21:00,162,0,4
328,1/29/2020 21:00,Shandong,Mainland China,1/29/2020 21:00,145,0,1
329,1/29/2020 21:00,Sichuan,Mainland China,1/29/2020 21:00,142,1,1
330,1/29/2020 21:00,Jiangsu,Mainland China,1/29/2020 21:00,129,0,1
331,1/29/2020 21:00,Beijing,Mainland China,1/29/2020 21:00,111,1,4
332,1/29/2020 21:00,Shanghai,Mainland China,1/29/2020 21:00,101,1,5
333,1/29/2020 21:00,Fujian,Mainland China,1/29/2020 21:00,101,0,0
334,1/29/2020 21:00,Guangxi,Mainland China,1/29/2020 21:00,78,0,2
335,1/29/2020 21:00,Hebei,Mainland China,1/29/2020 21:00,65,1,0
336,1/29/2020 21:00,Shaanxi,Mainland China,1/29/2020 21:00,56,0,0
337,1/29/2020 21:00,Yunnan,Mainland China,1/29/2020 21:00,55,0,0
338,1/29/2020 21:00,Hainan,Mainland China,1/29/2020 21:00,43,1,0
339,1/29/2020 21:00,Heilongjiang,Mainland China,1/29/2020 21:00,43,1,0
340,1/29/2020 21:00,Liaoning,Mainland China,1/29/2020 21:00,39,0,1
341,1/29/2020 21:00,Shanxi,Mainland China,1/29/2020 21:00,35,0,1
342,1/29/2020 21:00,Tianjin,Mainland China,1/29/2020 21:00,27,0,0
343,1/29/2020 21:00,Gansu,Mainland China,1/29/2020 21:00,26,0,0
344,1/29/2020 21:00,Inner Mongolia,Mainland China,1/29/2020 21:00,16,0,0
345,1/29/2020 21:00,Jilin,Mainland China,1/29/2020 21:00,14,0,1
346,1/29/2020 21:00,Xinjiang,Mainland China,1/29/2020 21:00,14,0,0
347,1/29/2020 21:00,Guizhou,Mainland China,1/29/2020 21:00,12,0,1
348,1/29/2020 21:00,Ningxia,Mainland China,1/29/2020 21:00,12,0,0
349,1/29/2020 21:00,Hong Kong,Hong Kong,1/29/2020 21:00,10,0,0
350,1/29/2020 21:00,Taiwan,Taiwan,1/29/2020 21:00,8,0,0
351,1/29/2020 21:00,Macau,Macau,1/29/2020 21:00,7,0,0
352,1/29/2020 21:00,Qinghai,Mainland China,1/29/2020 21:00,6,0,0
353,1/29/2020 21:00,Tibet,Mainland China,1/29/2020 21:00,1,0,0
354,1/29/2020 21:00,Washington,US,1/29/2020 21:00,1,0,0
355,1/29/2020 21:00,Illinois,US,1/29/2020 21:00,1,0,0
356,1/29/2020 21:00,California,US,1/29/2020 21:00,2,0,0
357,1/29/2020 21:00,Arizona,US,1/29/2020 21:00,1,0,0
358,1/29/2020 21:00,,Japan,1/29/2020 21:00,11,0,1
359,1/29/2020 21:00,,Thailand,1/29/2020 21:00,14,0,5
360,1/29/2020 21:00,,South Korea,1/29/2020 21:00,4,0,0
361,1/29/2020 21:00,,Singapore,1/29/2020 21:00,10,0,0
362,1/29/2020 21:00,,Vietnam,1/29/2020 21:00,2,0,0
363,1/29/2020 21:00,,France,1/29/2020 21:00,5,0,0
364,1/29/2020 21:00,,Nepal,1/29/2020 21:00,1,0,0
365,1/29/2020 21:00,,Malaysia,1/29/2020 21:00,7,0,0
366,1/29/2020 21:00,Ontario,Canada,1/29/2020 21:00,2,0,0
367,1/29/2020 21:00,British Columbia,Canada,1/29/2020 21:00,1,0,0
368,1/29/2020 21:00,,Cambodia,1/29/2020 21:00,1,0,0
369,1/29/2020 21:00,,Sri Lanka,1/29/2020 21:00,1,0,0
370,1/29/2020 21:00,New South Wales,Australia,1/29/2020 21:00,4,0,0
371,1/29/2020 21:00,Victoria,Australia,1/29/2020 21:00,2,0,0
372,1/29/2020 21:00,Queensland,Australia,1/29/2020 21:00,1,0,0
373,1/29/2020 21:00,Bavaria,Germany,1/29/2020 21:00,4,0,0
374,1/29/2020 21:00,,Finland,1/29/2020 21:00,1,0,0
375,1/29/2020 21:00,,United Arab Emirates,1/29/2020 21:00,4,0,0
376,1/30/2020 21:30,Hubei,Mainland China,1/30/2020 21:30,5806,204,116
377,1/30/2020 21:30,Zhejiang,Mainland China,1/30/2020 21:30,537,0,9
378,1/30/2020 21:30,Guangdong,Mainland China,1/30/2020 21:30,393,0,11
379,1/30/2020 21:30,Henan,Mainland China,1/30/2020 21:30,352,2,3
380,1/30/2020 21:30,Hunan,Mainland China,1/30/2020 21:30,332,0,2
381,1/30/2020 21:30,Jiangxi,Mainland China,1/30/2020 21:30,240,0,7
382,1/30/2020 21:30,Anhui,Mainland China,1/30/2020 21:30,237,0,3
383,1/30/2020 21:30,Chongqing,Mainland China,1/30/2020 21:30,206,0,1
384,1/30/2020 21:30,Shandong,Mainland China,1/30/2020 21:30,178,0,2
385,1/30/2020 21:30,Sichuan,Mainland China,1/30/2020 21:30,177,1,1
386,1/30/2020 21:30,Jiangsu,Mainland China,1/30/2020 21:30,168,0,2
387,1/30/2020 21:30,Shanghai,Mainland China,1/30/2020 21:30,128,1,9
388,1/30/2020 21:30,Beijing,Mainland China,1/30/2020 21:30,121,1,5
389,1/30/2020 21:30,Fujian,Mainland China,1/30/2020 21:30,101,0,0
390,1/30/2020 21:30,Guangxi,Mainland China,1/30/2020 21:30,87,0,2
391,1/30/2020 21:30,Hebei,Mainland China,1/30/2020 21:30,82,1,0
392,1/30/2020 21:30,Yunnan,Mainland China,1/30/2020 21:30,76,0,0
393,1/30/2020 21:30,Shaanxi,Mainland China,1/30/2020 21:30,87,0,0
394,1/30/2020 21:30,Heilongjiang,Mainland China,1/30/2020 21:30,59,2,0
395,1/30/2020 21:30,Hainan,Mainland China,1/30/2020 21:30,50,1,1
396,1/30/2020 21:30,Liaoning,Mainland China,1/30/2020 21:30,45,0,1
397,1/30/2020 21:30,Shanxi,Mainland China,1/30/2020 21:30,39,0,1
398,1/30/2020 21:30,Tianjin,Mainland China,1/30/2020 21:30,32,0,0
399,1/30/2020 21:30,Gansu,Mainland China,1/30/2020 21:30,29,0,0
400,1/30/2020 21:30,Ningxia,Mainland China,1/30/2020 21:30,21,0,1
401,1/30/2020 21:30,Inner Mongolia,Mainland China,1/30/2020 21:30,20,0,0
402,1/30/2020 21:30,Xinjiang,Mainland China,1/30/2020 21:30,17,0,0
403,1/30/2020 21:30,Guizhou,Mainland China,1/30/2020 21:30,15,0,1
404,1/30/2020 21:30,Jilin,Mainland China,1/30/2020 21:30,14,0,1
405,1/30/2020 21:30,Hong Kong,Hong Kong,1/30/2020 21:30,12,0,0
406,1/30/2020 21:30,Taiwan,Taiwan,1/30/2020 21:30,9,0,0
407,1/30/2020 21:30,Qinghai,Mainland China,1/30/2020 21:30,8,0,0
408,1/30/2020 21:30,Macau,Macau,1/30/2020 21:30,7,0,0
409,1/30/2020 21:30,Tibet,Mainland China,1/30/2020 21:30,1,0,0
410,1/30/2020 21:30,Washington,US,1/30/2020 21:30,1,0,0
411,1/30/2020 21:30,Illinois,US,1/30/2020 21:30,2,0,0
412,1/30/2020 21:30,California,US,1/30/2020 21:30,2,0,0
413,1/30/2020 21:30,Arizona,US,1/30/2020 21:30,1,0,0
414,1/30/2020 21:30,,Japan,1/30/2020 21:30,11,0,1
415,1/30/2020 21:30,,Thailand,1/30/2020 21:30,14,0,5
416,1/30/2020 21:30,,South Korea,1/30/2020 21:30,6,0,0
417,1/30/2020 21:30,,Singapore,1/30/2020 21:30,10,0,0
418,1/30/2020 21:30,,Vietnam,1/30/2020 21:30,2,0,0
419,1/30/2020 21:30,,France,1/30/2020 21:30,5,0,0
420,1/30/2020 21:30,,Nepal,1/30/2020 21:30,1,0,0
421,1/30/2020 21:30,,Malaysia,1/30/2020 21:30,8,0,0
422,1/30/2020 21:30,Ontario,Canada,1/30/2020 21:30,2,0,0
423,1/30/2020 21:30,British Columbia,Canada,1/30/2020 21:30,1,0,0
424,1/30/2020 21:30,,Cambodia,1/30/2020 21:30,1,0,0
425,1/30/2020 21:30,,Sri Lanka,1/30/2020 21:30,1,0,0
426,1/30/2020 21:30,New South Wales,Australia,1/30/2020 21:30,4,0,2
427,1/30/2020 21:30,Victoria,Australia,1/30/2020 21:30,2,0,0
428,1/30/2020 21:30,Queensland,Australia,1/30/2020 21:30,3,0,0
429,1/30/2020 21:30,Bavaria,Germany,1/30/2020 21:30,4,0,0
430,1/30/2020 21:30,,Finland,1/30/2020 21:30,1,0,0
431,1/30/2020 21:30,,United Arab Emirates,1/30/2020 21:30,4,0,0
432,1/30/2020 21:30,,Philippines,1/30/2020 21:30,1,0,0
433,1/30/2020 21:30,,India,1/30/2020 21:30,1,0,0
434,1/30/2020 21:30,,Italy,1/30/2020 21:30,2,0,0
435,1/31/2020 19:00,Hubei,Mainland China,1/31/2020 19:00,7153,249,169
436,1/31/2020 19:00,Zhejiang,Mainland China,1/31/2020 19:00,537,0,14
437,1/31/2020 19:00,Guangdong,Mainland China,1/31/2020 19:00,436,0,10
438,1/31/2020 19:00,Henan,Mainland China,1/31/2020 19:00,352,2,3
439,1/31/2020 19:00,Hunan,Mainland China,1/31/2020 19:00,332,0,3
440,1/31/2020 19:00,Jiangxi,Mainland China,1/31/2020 19:00,240,0,7
441,1/31/2020 19:00,Chongqing,Mainland China,1/31/2020 19:00,238,1,1
442,1/31/2020 19:00,Anhui,Mainland China,1/31/2020 19:00,237,0,3
443,1/31/2020 19:00,Shandong,Mainland China,1/31/2020 19:00,184,0,2
444,1/31/2020 19:00,Sichuan,Mainland China,1/31/2020 19:00,177,1,1
445,1/31/2020 19:00,Jiangsu,Mainland China,1/31/2020 19:00,168,0,5
446,1/31/2020 19:00,Shanghai,Mainland China,1/31/2020 19:00,153,1,9
447,1/31/2020 19:00,Beijing,Mainland China,1/31/2020 19:00,139,1,5
448,1/31/2020 19:00,Fujian,Mainland China,1/31/2020 19:00,120,0,0
449,1/31/2020 19:00,Hebei,Mainland China,1/31/2020 19:00,96,1,0
450,1/31/2020 19:00,Guangxi,Mainland China,1/31/2020 19:00,88,0,2
451,1/31/2020 19:00,Shaanxi,Mainland China,1/31/2020 19:00,87,0,0
452,1/31/2020 19:00,Yunnan,Mainland China,1/31/2020 19:00,83,0,1
453,1/31/2020 19:00,Liaoning,Mainland China,1/31/2020 19:00,60,0,1
454,1/31/2020 19:00,Heilongjiang,Mainland China,1/31/2020 19:00,59,2,0
455,1/31/2020 19:00,Hainan,Mainland China,1/31/2020 19:00,58,1,1
456,1/31/2020 19:00,Shanxi,Mainland China,1/31/2020 19:00,47,0,1
457,1/31/2020 19:00,Gansu,Mainland China,1/31/2020 19:00,35,0,0
458,1/31/2020 19:00,Tianjin,Mainland China,1/31/2020 19:00,32,0,0
459,1/31/2020 19:00,Guizhou,Mainland China,1/31/2020 19:00,29,0,2
460,1/31/2020 19:00,Ningxia,Mainland China,1/31/2020 19:00,21,0,1
461,1/31/2020 19:00,Inner Mongolia,Mainland China,1/31/2020 19:00,20,0,0
462,1/31/2020 19:00,Xinjiang,Mainland China,1/31/2020 19:00,17,0,0
463,1/31/2020 19:00,Jilin,Mainland China,1/31/2020 19:00,14,0,1
464,1/31/2020 19:00,Hong Kong,Hong Kong,1/31/2020 19:00,13,0,0
465,1/31/2020 19:00,Taiwan,Taiwan,1/31/2020 19:00,10,0,0
466,1/31/2020 19:00,Qinghai,Mainland China,1/31/2020 19:00,8,0,0
467,1/31/2020 19:00,Macau,Macau,1/31/2020 19:00,7,0,0
468,1/31/2020 19:00,Tibet,Mainland China,1/31/2020 19:00,1,0,0
469,1/31/2020 19:00,Washington,US,1/31/2020 19:00,1,0,0
470,1/31/2020 19:00,Illinois,US,1/31/2020 19:00,2,0,0
471,1/31/2020 19:00,California,US,1/31/2020 19:00,3,0,0
472,1/31/2020 19:00,Arizona,US,1/31/2020 19:00,1,0,0
473,1/31/2020 19:00,,Japan,1/31/2020 19:00,17,0,1
474,1/31/2020 19:00,,Thailand,1/31/2020 19:00,19,0,7
475,1/31/2020 19:00,,South Korea,1/31/2020 19:00,11,0,0
476,1/31/2020 19:00,,Singapore,1/31/2020 19:00,16,0,0
477,1/31/2020 19:00,,Vietnam,1/31/2020 19:00,2,0,0
478,1/31/2020 19:00,,France,1/31/2020 19:00,6,0,0
479,1/31/2020 19:00,,Nepal,1/31/2020 19:00,1,0,0
480,1/31/2020 19:00,,Malaysia,1/31/2020 19:00,8,0,0
481,1/31/2020 19:00,Ontario,Canada,1/31/2020 19:00,2,0,0
482,1/31/2020 19:00,British Columbia,Canada,1/31/2020 19:00,1,0,0
483,1/31/2020 19:00,,Cambodia,1/31/2020 19:00,1,0,0
484,1/31/2020 19:00,,Sri Lanka,1/31/2020 19:00,1,0,0
485,1/31/2020 19:00,New South Wales,Australia,1/31/2020 19:00,4,0,2
486,1/31/2020 19:00,Victoria,Australia,1/31/2020 19:00,2,0,0
487,1/31/2020 19:00,Queensland,Australia,1/31/2020 19:00,3,0,0
488,1/31/2020 19:00,Bavaria,Germany,1/31/2020 19:00,7,0,0
489,1/31/2020 19:00,,Finland,1/31/2020 19:00,1,0,0
490,1/31/2020 19:00,,United Arab Emirates,1/31/2020 19:00,4,0,0
491,1/31/2020 19:00,,Philippines,1/31/2020 19:00,1,0,0
492,1/31/2020 19:00,,India,1/31/2020 19:00,1,0,0
493,1/31/2020 19:00,,Italy,1/31/2020 19:00,2,0,0
494,1/31/2020 19:00,,Sweden,1/31/2020 19:00,1,0,0
495,1/31/2020 19:00,,Russia,1/31/2020 19:00,2,0,0
496,1/31/2020 19:00,,Spain,1/31/2020 19:00,1,0,0
497,1/31/2020 19:00,,UK,1/31/2020 19:00,2,0,0
498,2/1/2020 23:00,Hubei,Mainland China,1/2/2020 23:33,9074,294,215
499,2/1/2020 23:00,Zhejiang,Mainland China,2/2/2020 2:13,661,0,23
500,2/1/2020 23:00,Guangdong,Mainland China,2/2/2020 1:23,604,0,14
501,2/1/2020 23:00,Henan,Mainland China,2/2/2020 0:53,493,2,4
502,2/1/2020 23:00,Hunan,Mainland China,2/2/2020 1:53,463,0,8
503,2/1/2020 23:00,Anhui,Mainland China,2/2/2020 1:33,340,0,5
504,2/1/2020 23:00,Jiangxi,Mainland China,2/2/2020 1:23,333,0,10
505,2/1/2020 23:00,Chongqing,Mainland China,1/2/2020 23:43,262,1,3
506,2/1/2020 23:00,Jiangsu,Mainland China,2/2/2020 1:13,236,0,6
507,2/1/2020 23:00,Sichuan,Mainland China,2/2/2020 1:03,231,1,3
508,2/1/2020 23:00,Shandong,Mainland China,2/2/2020 1:03,225,0,5
509,2/1/2020 23:00,Beijing,Mainland China,2/2/2020 3:05,183,1,9
510,2/1/2020 23:00,Shanghai,Mainland China,2/2/2020 0:23,177,1,10
511,2/1/2020 23:00,Fujian,Mainland China,2/2/2020 3:43,159,0,0
512,2/1/2020 23:00,Shaanxi,Mainland China,2/2/2020 3:23,116,0,0
513,2/1/2020 23:00,Guangxi,Mainland China,2/2/2020 0:23,111,0,2
514,2/1/2020 23:00,Hebei,Mainland China,2/2/2020 2:53,104,1,3
515,2/1/2020 23:00,Heilongjiang,Mainland China,2/2/2020 3:23,95,2,2
516,2/1/2020 23:00,Yunnan,Mainland China,1/2/2020 15:53,93,0,2
517,2/1/2020 23:00,Liaoning,Mainland China,1/2/2020 15:23,64,0,1
518,2/1/2020 23:00,Hainan,Mainland China,2/2/2020 1:03,63,1,1
519,2/1/2020 23:00,Shanxi,Mainland China,1/2/2020 23:33,56,0,1
520,2/1/2020 23:00,Tianjin,Mainland China,2/2/2020 2:03,45,0,0
521,2/1/2020 23:00,Gansu,Mainland China,1/2/2020 15:43,40,0,0
522,2/1/2020 23:00,Guizhou,Mainland China,2/2/2020 1:03,38,0,2
523,2/1/2020 23:00,Ningxia,Mainland China,2/2/2020 1:43,28,0,0
524,2/1/2020 23:00,Inner Mongolia,Mainland China,2/2/2020 3:43,27,0,1
525,2/1/2020 23:00,Jilin,Mainland China,2/2/2020 2:33,23,0,1
526,2/1/2020 23:00,Xinjiang,Mainland China,2/2/2020 0:43,21,0,0
527,2/1/2020 23:00,,Japan,1/2/2020 18:53,20,0,1
528,2/1/2020 23:00,,Thailand,1/31/2020 10:37,19,0,5
529,2/1/2020 23:00,,Singapore,2/2/2020 1:03,18,0,0
530,2/1/2020 23:00,,South Korea,2/2/2020 2:23,15,0,0
531,2/1/2020 23:00,Hong Kong,Hong Kong,2/2/2020 1:03,14,0,0
532,2/1/2020 23:00,Taiwan,Taiwan,1/31/2020 15:20,10,0,0
533,2/1/2020 23:00,Qinghai,Mainland China,1/2/2020 5:37,9,0,0
534,2/1/2020 23:00,,Germany,1/2/2020 23:33,8,0,0
535,2/1/2020 23:00,,Malaysia,1/31/2020 8:15,8,0,0
536,2/1/2020 23:00,Macau,Macau,1/31/2020 8:15,7,0,0
537,2/1/2020 23:00,,France,1/2/2020 1:52,6,0,0
538,2/1/2020 23:00,,Vietnam,1/2/2020 7:38,6,0,1
539,2/1/2020 23:00,New South Wales,Australia,1/2/2020 18:12,4,0,2
540,2/1/2020 23:00,Victoria,Australia,1/2/2020 18:12,4,0,0
541,2/1/2020 23:00,,United Arab Emirates,1/31/2020 8:15,4,0,0
542,2/1/2020 23:00,Queensland,Australia,1/2/2020 18:12,2,0,0
543,2/1/2020 23:00,Ontario,Canada,1/2/2020 18:12,3,0,0
544,2/1/2020 23:00,,Italy,1/31/2020 8:15,2,0,0
545,2/1/2020 23:00,,Philippines,2/2/2020 3:33,2,1,0
546,2/1/2020 23:00,,Russia,1/31/2020 16:13,2,0,0
547,2/1/2020 23:00,,UK,1/2/2020 1:52,2,0,0
548,2/1/2020 23:00,"Chicago, IL",US,1/2/2020 19:43,2,0,0
549,2/1/2020 23:00,South Australia,Australia,1/2/2020 18:12,2,0,0
550,2/1/2020 23:00,,Cambodia,1/31/2020 8:15,1,0,0
551,2/1/2020 23:00,British Columbia,Canada,1/2/2020 18:12,1,0,0
552,2/1/2020 23:00,,Finland,1/31/2020 8:15,1,0,0
553,2/1/2020 23:00,,India,1/31/2020 8:15,1,0,0
554,2/1/2020 23:00,Tibet,Mainland China,1/2/2020 1:52,1,0,0
555,2/1/2020 23:00,,Nepal,1/31/2020 8:15,1,0,0
556,2/1/2020 23:00,,Spain,1/2/2020 23:43,1,0,0
557,2/1/2020 23:00,,Sri Lanka,1/31/2020 8:15,1,0,0
558,2/1/2020 23:00,,Sweden,1/2/2020 2:13,1,0,0
559,2/1/2020 23:00,"Boston, MA",US,1/2/2020 19:43,1,0,0
560,2/1/2020 23:00,"Los Angeles, CA",US,1/2/2020 19:53,1,0,0
561,2/1/2020 23:00,"Orange, CA",US,1/2/2020 19:53,1,0,0
562,2/1/2020 23:00,"Santa Clara, CA",US,1/2/2020 19:53,1,0,0
563,2/1/2020 23:00,"Seattle, WA",US,1/2/2020 19:43,1,0,0
564,2/1/2020 23:00,"Tempe, AZ",US,1/2/2020 19:43,1,0,0
565,2/2/2020 21:00,Hubei,Mainland China,2/2/2020 23:43,11177,350,295
566,2/2/2020 21:00,Zhejiang,Mainland China,3/2/2020 1:33,724,0,36
567,2/2/2020 21:00,Guangdong,Mainland China,3/2/2020 1:33,683,0,15
568,2/2/2020 21:00,Henan,Mainland China,3/2/2020 1:03,566,2,14
569,2/2/2020 21:00,Hunan,Mainland China,3/2/2020 1:33,521,0,16
570,2/2/2020 21:00,Anhui,Mainland China,3/2/2020 0:53,408,0,7
571,2/2/2020 21:00,Jiangxi,Mainland China,3/2/2020 1:33,391,0,18
572,2/2/2020 21:00,Chongqing,Mainland China,2/2/2020 23:33,300,2,7
573,2/2/2020 21:00,Jiangsu,Mainland China,3/2/2020 1:03,271,0,7
574,2/2/2020 21:00,Sichuan,Mainland China,3/2/2020 1:03,254,1,12
575,2/2/2020 21:00,Shandong,Mainland China,3/2/2020 1:13,246,0,6
576,2/2/2020 21:00,Shanghai,Mainland China,3/2/2020 0:03,193,1,10
577,2/2/2020 21:00,Beijing,Mainland China,2/2/2020 8:43,191,1,9
578,2/2/2020 21:00,Fujian,Mainland China,2/2/2020 3:43,159,0,0
579,2/2/2020 21:00,Guangxi,Mainland China,3/2/2020 0:13,127,0,2
580,2/2/2020 21:00,Shaanxi,Mainland China,2/2/2020 3:23,116,0,0
581,2/2/2020 21:00,Hebei,Mainland China,3/2/2020 0:23,113,1,3
582,2/2/2020 21:00,Yunnan,Mainland China,2/2/2020 18:03,105,0,3
583,2/2/2020 21:00,Heilongjiang,Mainland China,2/2/2020 3:23,95,2,2
584,2/2/2020 21:00,Hainan,Mainland China,3/2/2020 0:43,71,1,4
585,2/2/2020 21:00,Liaoning,Mainland China,2/2/2020 18:03,70,0,1
586,2/2/2020 21:00,Shanxi,Mainland China,2/2/2020 23:23,66,0,3
587,2/2/2020 21:00,Gansu,Mainland China,2/2/2020 23:43,51,0,3
588,2/2/2020 21:00,Tianjin,Mainland China,2/2/2020 9:43,48,0,1
589,2/2/2020 21:00,Guizhou,Mainland China,3/2/2020 1:03,46,0,2
590,2/2/2020 21:00,Jilin,Mainland China,3/2/2020 0:53,31,0,1
591,2/2/2020 21:00,Ningxia,Mainland China,2/2/2020 1:43,28,0,0
592,2/2/2020 21:00,Inner Mongolia,Mainland China,2/2/2020 3:43,27,0,1
593,2/2/2020 21:00,Xinjiang,Mainland China,3/2/2020 1:13,24,0,0
594,2/2/2020 21:00,,Japan,1/2/2020 18:53,20,0,1
595,2/2/2020 21:00,,Thailand,1/31/2020 10:37,19,0,5
596,2/2/2020 21:00,,Singapore,2/2/2020 1:03,18,0,0
597,2/2/2020 21:00,Hong Kong,Hong Kong,2/2/2020 23:53,15,0,0
598,2/2/2020 21:00,,South Korea,2/2/2020 2:23,15,0,0
599,2/2/2020 21:00,Qinghai,Mainland China,2/2/2020 5:33,11,0,0
600,2/2/2020 21:00,,Germany,2/2/2020 18:03,10,0,0
601,2/2/2020 21:00,Taiwan,Taiwan,1/31/2020 15:20,10,0,0
602,2/2/2020 21:00,Macau,Macau,2/2/2020 4:23,8,0,0
603,2/2/2020 21:00,,Malaysia,1/31/2020 8:15,8,0,0
604,2/2/2020 21:00,,France,1/2/2020 1:52,6,0,0
605,2/2/2020 21:00,,Vietnam,1/2/2020 7:38,6,0,1
606,2/2/2020 21:00,,United Arab Emirates,2/2/2020 5:43,5,0,0
607,2/2/2020 21:00,New South Wales,Australia,1/2/2020 18:12,4,0,2
608,2/2/2020 21:00,Victoria,Australia,1/2/2020 18:12,4,0,0
609,2/2/2020 21:00,Ontario,Canada,1/2/2020 18:12,3,0,0
610,2/2/2020 21:00,Queensland,Australia,2/2/2020 22:33,2,0,0
611,2/2/2020 21:00,South Australia,Australia,2/2/2020 22:33,2,0,0
612,2/2/2020 21:00,,India,2/2/2020 6:03,2,0,0
613,2/2/2020 21:00,,Italy,1/31/2020 8:15,2,0,0
614,2/2/2020 21:00,,Philippines,2/2/2020 3:33,2,1,0
615,2/2/2020 21:00,,Russia,1/31/2020 16:13,2,0,0
616,2/2/2020 21:00,,UK,1/2/2020 1:52,2,0,0
617,2/2/2020 21:00,"Chicago, IL",US,1/2/2020 19:43,2,0,0
618,2/2/2020 21:00,"Santa Clara, CA",US,3/2/2020 0:43,2,0,0
619,2/2/2020 21:00,,Cambodia,1/31/2020 8:15,1,0,0
620,2/2/2020 21:00,British Columbia,Canada,1/2/2020 18:12,1,0,0
621,2/2/2020 21:00,,Finland,1/31/2020 8:15,1,0,0
622,2/2/2020 21:00,Tibet,Mainland China,1/2/2020 1:52,1,0,0
623,2/2/2020 21:00,,Nepal,1/31/2020 8:15,1,0,0
624,2/2/2020 21:00,,Spain,1/2/2020 23:43,1,0,0
625,2/2/2020 21:00,,Sri Lanka,1/31/2020 8:15,1,0,0
626,2/2/2020 21:00,,Sweden,1/2/2020 2:13,1,0,0
627,2/2/2020 21:00,"Boston, MA",US,1/2/2020 19:43,1,0,0
628,2/2/2020 21:00,"Los Angeles, CA",US,1/2/2020 19:53,1,0,0
629,2/2/2020 21:00,"Orange, CA",US,1/2/2020 19:53,1,0,0
630,2/2/2020 21:00,"Seattle, WA",US,1/2/2020 19:43,1,0,0
631,2/2/2020 21:00,"Tempe, AZ",US,1/2/2020 19:43,1,0,0
632,2/3/2020 21:40,Hubei,Mainland China,4/2/2020 1:23,13522,414,396
633,2/3/2020 21:40,Zhejiang,Mainland China,4/2/2020 1:43,829,0,48
634,2/3/2020 21:40,Guangdong,Mainland China,4/2/2020 1:43,797,0,21
635,2/3/2020 21:40,Henan,Mainland China,4/2/2020 1:23,675,2,20
636,2/3/2020 21:40,Hunan,Mainland China,4/2/2020 1:43,593,0,22
637,2/3/2020 21:40,Anhui,Mainland China,4/2/2020 0:43,480,0,14
638,2/3/2020 21:40,Jiangxi,Mainland China,4/2/2020 1:43,476,0,19
639,2/3/2020 21:40,Chongqing,Mainland China,3/2/2020 23:43,337,2,9
640,2/3/2020 21:40,Jiangsu,Mainland China,4/2/2020 1:03,308,0,8
641,2/3/2020 21:40,Sichuan,Mainland China,4/2/2020 1:43,282,1,14
642,2/3/2020 21:40,Shandong,Mainland China,4/2/2020 0:53,270,0,7
643,2/3/2020 21:40,Beijing,Mainland China,3/2/2020 9:23,212,1,12
644,2/3/2020 21:40,Shanghai,Mainland China,4/2/2020 0:13,208,1,10
645,2/3/2020 21:40,Fujian,Mainland China,3/2/2020 11:33,179,0,1
646,2/3/2020 21:40,Heilongjiang,Mainland China,4/2/2020 0:53,155,2,2
647,2/3/2020 21:40,Shaanxi,Mainland China,4/2/2020 2:33,142,0,1
648,2/3/2020 21:40,Guangxi,Mainland China,4/2/2020 0:33,139,0,7
649,2/3/2020 21:40,Hebei,Mainland China,4/2/2020 0:23,126,1,3
650,2/3/2020 21:40,Yunnan,Mainland China,3/2/2020 23:23,117,0,5
651,2/3/2020 21:40,Hainan,Mainland China,4/2/2020 0:43,79,1,4
652,2/3/2020 21:40,Liaoning,Mainland China,3/2/2020 17:11,74,0,1
653,2/3/2020 21:40,Shanxi,Mainland China,3/2/2020 23:13,74,0,2
654,2/3/2020 21:40,Tianjin,Mainland China,3/2/2020 13:53,60,0,1
655,2/3/2020 21:40,Guizhou,Mainland China,4/2/2020 1:03,56,0,2
656,2/3/2020 21:40,Gansu,Mainland China,3/2/2020 23:03,55,0,3
657,2/3/2020 21:40,Jilin,Mainland China,4/2/2020 0:23,42,0,1
658,2/3/2020 21:40,Inner Mongolia,Mainland China,3/2/2020 3:03,34,0,1
659,2/3/2020 21:40,Ningxia,Mainland China,4/2/2020 2:13,34,0,1
660,2/3/2020 21:40,Xinjiang,Mainland China,4/2/2020 1:33,29,0,0
661,2/3/2020 21:40,,Japan,1/2/2020 18:53,20,0,1
662,2/3/2020 21:40,,Thailand,1/31/2020 10:37,19,0,5
663,2/3/2020 21:40,,Singapore,2/2/2020 1:03,18,0,0
664,2/3/2020 21:40,Hong Kong,Hong Kong,2/2/2020 23:53,15,0,0
665,2/3/2020 21:40,Qinghai,Mainland China,4/2/2020 1:33,15,0,0
666,2/3/2020 21:40,,South Korea,2/2/2020 2:23,15,0,0
667,2/3/2020 21:40,,Germany,3/2/2020 20:53,12,0,0
668,2/3/2020 21:40,Taiwan,Taiwan,1/31/2020 15:20,10,0,0
669,2/3/2020 21:40,Macau,Macau,2/2/2020 4:23,8,0,0
670,2/3/2020 21:40,,Malaysia,1/31/2020 8:15,8,0,0
671,2/3/2020 21:40,,Vietnam,3/2/2020 21:43,8,0,1
672,2/3/2020 21:40,,France,1/2/2020 1:52,6,0,0
673,2/3/2020 21:40,,United Arab Emirates,2/2/2020 5:43,5,0,0
674,2/3/2020 21:40,New South Wales,Australia,1/2/2020 18:12,4,0,2
675,2/3/2020 21:40,Victoria,Australia,1/2/2020 18:12,4,0,0
676,2/3/2020 21:40,,India,3/2/2020 21:43,3,0,0
677,2/3/2020 21:40,Queensland,Australia,2/2/2020 22:33,2,0,0
678,2/3/2020 21:40,South Australia,Australia,2/2/2020 22:33,2,0,0
679,2/3/2020 21:40,"Toronto, ON",Canada,4/2/2020 0:13,2,0,0
680,2/3/2020 21:40,,Italy,1/31/2020 8:15,2,0,0
681,2/3/2020 21:40,,Philippines,2/2/2020 3:33,2,1,0
682,2/3/2020 21:40,,Russia,1/31/2020 16:13,2,0,0
683,2/3/2020 21:40,,UK,1/2/2020 1:52,2,0,0
684,2/3/2020 21:40,"Chicago, IL",US,1/2/2020 19:43,2,0,0
685,2/3/2020 21:40,"San Benito, CA",US,3/2/2020 3:53,2,0,0
686,2/3/2020 21:40,"Santa Clara, CA",US,3/2/2020 0:43,2,0,0
687,2/3/2020 21:40,,Cambodia,1/31/2020 8:15,1,0,0
688,2/3/2020 21:40,British Columbia,Canada,1/2/2020 18:12,1,0,0
689,2/3/2020 21:40,"London, ON",Canada,4/2/2020 0:03,1,0,0
690,2/3/2020 21:40,,Finland,1/31/2020 8:15,1,0,0
691,2/3/2020 21:40,Tibet,Mainland China,1/2/2020 1:52,1,0,0
692,2/3/2020 21:40,,Nepal,1/31/2020 8:15,1,0,0
693,2/3/2020 21:40,,Spain,1/2/2020 23:43,1,0,0
694,2/3/2020 21:40,,Sri Lanka,1/31/2020 8:15,1,0,0
695,2/3/2020 21:40,,Sweden,1/2/2020 2:13,1,0,0
696,2/3/2020 21:40,"Boston, MA",US,1/2/2020 19:43,1,0,0
697,2/3/2020 21:40,"Los Angeles, CA",US,1/2/2020 19:53,1,0,0
698,2/3/2020 21:40,"Orange, CA",US,1/2/2020 19:53,1,0,0
699,2/3/2020 21:40,"Seattle, WA",US,1/2/2020 19:43,1,0,0
700,2/3/2020 21:40,"Tempe, AZ",US,1/2/2020 19:43,1,0,0
701,2/4/2020 22:00,Hubei,Mainland China,4/2/2020 23:43,16678,479,522
702,2/4/2020 22:00,Zhejiang,Mainland China,5/2/2020 1:33,895,0,63
703,2/4/2020 22:00,Guangdong,Mainland China,5/2/2020 2:03,870,0,32
704,2/4/2020 22:00,Henan,Mainland China,5/2/2020 1:13,764,2,41
705,2/4/2020 22:00,Hunan,Mainland China,5/2/2020 1:43,661,0,35
706,2/4/2020 22:00,Jiangxi,Mainland China,5/2/2020 1:33,548,0,27
707,2/4/2020 22:00,Anhui,Mainland China,5/2/2020 1:13,530,0,20
708,2/4/2020 22:00,Chongqing,Mainland China,5/2/2020 0:13,366,2,14
709,2/4/2020 22:00,Jiangsu,Mainland China,5/2/2020 2:43,341,0,13
710,2/4/2020 22:00,Sichuan,Mainland China,5/2/2020 0:53,301,1,23
711,2/4/2020 22:00,Shandong,Mainland China,5/2/2020 1:03,298,0,13
712,2/4/2020 22:00,Shanghai,Mainland China,5/2/2020 0:23,233,1,12
713,2/4/2020 22:00,Beijing,Mainland China,4/2/2020 8:33,228,1,23
714,2/4/2020 22:00,Fujian,Mainland China,4/2/2020 12:13,194,0,3
715,2/4/2020 22:00,Heilongjiang,Mainland China,5/2/2020 1:23,190,2,4
716,2/4/2020 22:00,Shaanxi,Mainland China,5/2/2020 2:43,165,0,2
717,2/4/2020 22:00,Guangxi,Mainland China,5/2/2020 0:43,150,0,10
718,2/4/2020 22:00,Hebei,Mainland China,5/2/2020 2:53,135,1,4
719,2/4/2020 22:00,Yunnan,Mainland China,4/2/2020 23:23,122,0,5
720,2/4/2020 22:00,Hainan,Mainland China,5/2/2020 2:53,91,1,4
721,2/4/2020 22:00,Liaoning,Mainland China,4/2/2020 14:13,81,0,2
722,2/4/2020 22:00,Shanxi,Mainland China,4/2/2020 23:23,81,0,4
723,2/4/2020 22:00,Tianjin,Mainland China,4/2/2020 13:33,67,0,2
724,2/4/2020 22:00,Guizhou,Mainland China,5/2/2020 1:23,64,0,5
725,2/4/2020 22:00,Gansu,Mainland China,4/2/2020 15:43,57,0,4
726,2/4/2020 22:00,Jilin,Mainland China,5/2/2020 0:43,54,0,1
727,2/4/2020 22:00,Inner Mongolia,Mainland China,5/2/2020 1:53,42,0,1
728,2/4/2020 22:00,Ningxia,Mainland China,4/2/2020 2:13,34,0,1
729,2/4/2020 22:00,Xinjiang,Mainland China,5/2/2020 2:03,32,0,0
730,2/4/2020 22:00,,Thailand,4/2/2020 15:33,25,0,5
731,2/4/2020 22:00,,Singapore,4/2/2020 15:33,24,0,0
732,2/4/2020 22:00,,Japan,4/2/2020 16:43,22,0,1
733,2/4/2020 22:00,Hong Kong,Hong Kong,5/2/2020 2:33,18,1,0
734,2/4/2020 22:00,Qinghai,Mainland China,5/2/2020 1:23,17,0,0
735,2/4/2020 22:00,,South Korea,4/2/2020 15:33,16,0,0
736,2/4/2020 22:00,,Germany,3/2/2020 20:53,12,0,0
737,2/4/2020 22:00,Taiwan,Taiwan,4/2/2020 14:53,11,0,0
738,2/4/2020 22:00,Macau,Macau,4/2/2020 4:43,10,0,0
739,2/4/2020 22:00,,Malaysia,4/2/2020 7:33,10,0,0
740,2/4/2020 22:00,,Vietnam,3/2/2020 21:43,8,0,1
741,2/4/2020 22:00,,France,1/2/2020 1:52,6,0,0
742,2/4/2020 22:00,,United Arab Emirates,2/2/2020 5:43,5,0,0
743,2/4/2020 22:00,New South Wales,Australia,1/2/2020 18:12,4,0,2
744,2/4/2020 22:00,Victoria,Australia,1/2/2020 18:12,4,0,0
745,2/4/2020 22:00,Queensland,Australia,4/2/2020 16:53,3,0,0
746,2/4/2020 22:00,,India,3/2/2020 21:43,3,0,0
747,2/4/2020 22:00,South Australia,Australia,2/2/2020 22:33,2,0,0
748,2/4/2020 22:00,"Toronto, ON",Canada,4/2/2020 0:13,2,0,0
749,2/4/2020 22:00,,Italy,1/31/2020 8:15,2,0,0
750,2/4/2020 22:00,,Philippines,2/2/2020 3:33,2,1,0
751,2/4/2020 22:00,,Russia,1/31/2020 16:13,2,0,0
752,2/4/2020 22:00,,UK,1/2/2020 1:52,2,0,0
753,2/4/2020 22:00,"Chicago, IL",US,1/2/2020 19:43,2,0,0
754,2/4/2020 22:00,"San Benito, CA",US,3/2/2020 3:53,2,0,0
755,2/4/2020 22:00,"Santa Clara, CA",US,3/2/2020 0:43,2,0,0
756,2/4/2020 22:00,,Belgium,4/2/2020 15:43,1,0,0
757,2/4/2020 22:00,,Cambodia,1/31/2020 8:15,1,0,0
758,2/4/2020 22:00,British Columbia,Canada,1/2/2020 18:12,1,0,0
759,2/4/2020 22:00,"London, ON",Canada,4/2/2020 0:03,1,0,0
760,2/4/2020 22:00,,Finland,1/31/2020 8:15,1,0,0
761,2/4/2020 22:00,Tibet,Mainland China,1/2/2020 1:52,1,0,0
762,2/4/2020 22:00,,Nepal,1/31/2020 8:15,1,0,0
763,2/4/2020 22:00,,Spain,1/2/2020 23:43,1,0,0
764,2/4/2020 22:00,,Sri Lanka,1/31/2020 8:15,1,0,0
765,2/4/2020 22:00,,Sweden,1/2/2020 2:13,1,0,0
766,2/4/2020 22:00,"Boston, MA",US,1/2/2020 19:43,1,0,0
767,2/4/2020 22:00,"Los Angeles, CA",US,1/2/2020 19:53,1,0,0
768,2/4/2020 22:00,"Orange, CA",US,1/2/2020 19:53,1,0,0
769,2/4/2020 22:00,"Seattle, WA",US,1/2/2020 19:43,1,0,0
770,2/4/2020 22:00,"Tempe, AZ",US,1/2/2020 19:43,1,0,0
771,2/5/2020 12:20,Hubei,Mainland China,5/2/2020 16:43,16678,479,538
772,2/5/2020 12:20,Guangdong,Mainland China,5/2/2020 13:23,895,0,49
773,2/5/2020 12:20,Zhejiang,Mainland China,5/2/2020 15:13,895,0,78
774,2/5/2020 12:20,Henan,Mainland China,5/2/2020 15:03,764,2,47
775,2/5/2020 12:20,Hunan,Mainland China,5/2/2020 15:23,661,0,54
776,2/5/2020 12:20,Jiangxi,Mainland China,5/2/2020 1:33,548,0,27
777,2/5/2020 12:20,Anhui,Mainland China,5/2/2020 13:43,530,0,23
778,2/5/2020 12:20,Chongqing,Mainland China,5/2/2020 9:13,376,2,15
779,2/5/2020 12:20,Jiangsu,Mainland China,5/2/2020 12:43,341,0,23
780,2/5/2020 12:20,Shandong,Mainland China,5/2/2020 10:13,307,0,15
781,2/5/2020 12:20,Sichuan,Mainland China,5/2/2020 10:13,301,1,24
782,2/5/2020 12:20,Beijing,Mainland China,5/2/2020 5:43,253,1,24
783,2/5/2020 12:20,Shanghai,Mainland China,5/2/2020 6:23,243,1,15
784,2/5/2020 12:20,Fujian,Mainland China,5/2/2020 12:33,205,0,11
785,2/5/2020 12:20,Heilongjiang,Mainland China,5/2/2020 12:13,190,2,7
786,2/5/2020 12:20,Shaanxi,Mainland China,5/2/2020 8:43,165,0,6
787,2/5/2020 12:20,Guangxi,Mainland China,5/2/2020 12:03,150,0,13
788,2/5/2020 12:20,Hebei,Mainland China,5/2/2020 11:23,135,1,6
789,2/5/2020 12:20,Yunnan,Mainland China,5/2/2020 7:43,124,0,5
790,2/5/2020 12:20,Hainan,Mainland China,5/2/2020 16:43,99,1,5
791,2/5/2020 12:20,Liaoning,Mainland China,5/2/2020 15:23,89,0,4
792,2/5/2020 12:20,Shanxi,Mainland China,5/2/2020 15:23,81,0,5
793,2/5/2020 12:20,Tianjin,Mainland China,5/2/2020 3:43,69,1,2
794,2/5/2020 12:20,Guizhou,Mainland China,5/2/2020 12:33,64,1,9
795,2/5/2020 12:20,Gansu,Mainland China,5/2/2020 16:23,62,0,6
796,2/5/2020 12:20,Jilin,Mainland China,5/2/2020 11:03,54,0,2
797,2/5/2020 12:20,Inner Mongolia,Mainland China,5/2/2020 8:53,42,0,3
798,2/5/2020 12:20,Ningxia,Mainland China,4/2/2020 2:13,34,0,1
799,2/5/2020 12:20,Xinjiang,Mainland China,5/2/2020 2:03,32,0,0
800,2/5/2020 12:20,,Singapore,5/2/2020 16:33,28,0,0
801,2/5/2020 12:20,,Thailand,4/2/2020 15:33,25,0,5
802,2/5/2020 12:20,,Japan,4/2/2020 16:43,22,0,1
803,2/5/2020 12:20,Hong Kong,Hong Kong,5/2/2020 13:13,21,1,0
804,2/5/2020 12:20,,South Korea,5/2/2020 15:33,19,0,0
805,2/5/2020 12:20,Qinghai,Mainland China,5/2/2020 3:13,17,0,3
806,2/5/2020 12:20,,Germany,3/2/2020 20:53,12,0,0
807,2/5/2020 12:20,,Malaysia,5/2/2020 15:43,12,0,0
808,2/5/2020 12:20,Taiwan,Taiwan,4/2/2020 14:53,11,0,0
809,2/5/2020 12:20,Macau,Macau,4/2/2020 4:43,10,0,0
810,2/5/2020 12:20,,Vietnam,3/2/2020 21:43,8,0,1
811,2/5/2020 12:20,,France,1/2/2020 1:52,6,0,0
812,2/5/2020 12:20,,United Arab Emirates,2/2/2020 5:43,5,0,0
813,2/5/2020 12:20,New South Wales,Australia,1/2/2020 18:12,4,0,2
814,2/5/2020 12:20,Victoria,Australia,1/2/2020 18:12,4,0,0
815,2/5/2020 12:20,Queensland,Australia,4/2/2020 16:53,3,0,0
816,2/5/2020 12:20,,India,3/2/2020 21:43,3,0,0
817,2/5/2020 12:20,South Australia,Australia,2/2/2020 22:33,2,0,0
818,2/5/2020 12:20,"Toronto, ON",Canada,4/2/2020 0:13,2,0,0
819,2/5/2020 12:20,,Italy,1/31/2020 8:15,2,0,0
820,2/5/2020 12:20,,Philippines,2/2/2020 3:33,2,1,0
821,2/5/2020 12:20,,Russia,1/31/2020 16:13,2,0,0
822,2/5/2020 12:20,,UK,1/2/2020 1:52,2,0,0
823,2/5/2020 12:20,"Chicago, IL",US,1/2/2020 19:43,2,0,0
824,2/5/2020 12:20,"San Benito, CA",US,3/2/2020 3:53,2,0,0
825,2/5/2020 12:20,"Santa Clara, CA",US,3/2/2020 0:43,2,0,0
826,2/5/2020 12:20,,Belgium,4/2/2020 15:43,1,0,0
827,2/5/2020 12:20,,Cambodia,1/31/2020 8:15,1,0,0
828,2/5/2020 12:20,British Columbia,Canada,1/2/2020 18:12,1,0,0
829,2/5/2020 12:20,"London, ON",Canada,4/2/2020 0:03,1,0,0
830,2/5/2020 12:20,,Finland,1/31/2020 8:15,1,0,0
831,2/5/2020 12:20,Tibet,Mainland China,1/2/2020 1:52,1,0,0
832,2/5/2020 12:20,,Nepal,1/31/2020 8:15,1,0,0
833,2/5/2020 12:20,,Spain,1/2/2020 23:43,1,0,0
834,2/5/2020 12:20,,Sri Lanka,1/31/2020 8:15,1,0,0
835,2/5/2020 12:20,,Sweden,1/2/2020 2:13,1,0,0
836,2/5/2020 12:20,"Boston, MA",US,1/2/2020 19:43,1,0,0
837,2/5/2020 12:20,"Los Angeles, CA",US,1/2/2020 19:53,1,0,0
838,2/5/2020 12:20,"Orange, CA",US,1/2/2020 19:53,1,0,0
839,2/5/2020 12:20,"Seattle, WA",US,1/2/2020 19:43,1,0,0
840,2/5/2020 12:20,"Tempe, AZ",US,1/2/2020 19:43,1,0,0
841,2/6/2020 20:05,Hubei,Mainland China,6/2/2020 23:23,22112,618,817
842,2/6/2020 20:05,Guangdong,Mainland China,6/2/2020 12:43,970,0,69
843,2/6/2020 20:05,Zhejiang,Mainland China,6/2/2020 10:53,954,0,94
844,2/6/2020 20:05,Henan,Mainland China,6/2/2020 11:23,851,2,56
845,2/6/2020 20:05,Hunan,Mainland China,6/2/2020 13:13,711,0,81
846,2/6/2020 20:05,Jiangxi,Mainland China,6/2/2020 2:33,600,0,37
847,2/6/2020 20:05,Anhui,Mainland China,6/2/2020 13:33,591,0,34
848,2/6/2020 20:05,Chongqing,Mainland China,6/2/2020 13:43,400,2,24
849,2/6/2020 20:05,Jiangsu,Mainland China,6/2/2020 8:03,373,0,34
850,2/6/2020 20:05,Shandong,Mainland China,6/2/2020 7:53,347,0,27
851,2/6/2020 20:05,Sichuan,Mainland China,6/2/2020 8:03,321,1,31
852,2/6/2020 20:05,Beijing,Mainland China,6/2/2020 3:23,274,1,31
853,2/6/2020 20:05,Shanghai,Mainland China,6/2/2020 6:53,257,1,25
854,2/6/2020 20:05,Heilongjiang,Mainland China,6/2/2020 8:13,227,3,8
855,2/6/2020 20:05,Fujian,Mainland China,6/2/2020 11:03,215,0,14
856,2/6/2020 20:05,Shaanxi,Mainland China,6/2/2020 13:53,173,0,9
857,2/6/2020 20:05,Guangxi,Mainland China,6/2/2020 4:13,168,0,14
858,2/6/2020 20:05,Hebei,Mainland China,6/2/2020 13:53,157,1,13
859,2/6/2020 20:05,Yunnan,Mainland China,6/2/2020 9:43,133,0,7
860,2/6/2020 20:05,Hainan,Mainland China,6/2/2020 11:13,106,1,8
861,2/6/2020 20:05,Shanxi,Mainland China,6/2/2020 23:03,96,0,12
862,2/6/2020 20:05,Liaoning,Mainland China,6/2/2020 14:33,94,0,5
863,2/6/2020 20:05,Tianjin,Mainland China,6/2/2020 6:23,78,1,2
864,2/6/2020 20:05,Guizhou,Mainland China,6/2/2020 9:53,71,1,6
865,2/6/2020 20:05,Gansu,Mainland China,5/2/2020 16:23,62,0,6
866,2/6/2020 20:05,Jilin,Mainland China,6/2/2020 14:23,59,0,4
867,2/6/2020 20:05,Inner Mongolia,Mainland China,6/2/2020 2:23,46,0,4
868,2/6/2020 20:05,,Japan,6/2/2020 2:53,45,0,1
869,2/6/2020 20:05,Ningxia,Mainland China,6/2/2020 2:13,40,0,1
870,2/6/2020 20:05,Xinjiang,Mainland China,6/2/2020 1:13,36,0,0
871,2/6/2020 20:05,,Singapore,5/2/2020 16:33,28,0,0
872,2/6/2020 20:05,,Thailand,4/2/2020 15:33,25,0,5
873,2/6/2020 20:05,Hong Kong,Hong Kong,6/2/2020 14:43,24,1,0
874,2/6/2020 20:05,,South Korea,6/2/2020 2:53,23,0,0
875,2/6/2020 20:05,Qinghai,Mainland China,6/2/2020 2:13,18,0,3
876,2/6/2020 20:05,Taiwan,Taiwan,6/2/2020 15:03,16,0,1
877,2/6/2020 20:05,,Germany,3/2/2020 20:53,12,0,0
878,2/6/2020 20:05,,Malaysia,5/2/2020 15:43,12,0,0
879,2/6/2020 20:05,Macau,Macau,6/2/2020 14:23,10,0,1
880,2/6/2020 20:05,,Vietnam,6/2/2020 1:13,10,0,1
881,2/6/2020 20:05,,France,1/2/2020 1:52,6,0,0
882,2/6/2020 20:05,,United Arab Emirates,2/2/2020 5:43,5,0,0
883,2/6/2020 20:05,New South Wales,Australia,6/2/2020 3:13,4,0,2
884,2/6/2020 20:05,Queensland,Australia,6/2/2020 2:53,4,0,0
885,2/6/2020 20:05,Victoria,Australia,1/2/2020 18:12,4,0,0
886,2/6/2020 20:05,,India,3/2/2020 21:43,3,0,0
887,2/6/2020 20:05,South Australia,Australia,2/2/2020 22:33,2,0,0
888,2/6/2020 20:05,British Columbia,Canada,5/2/2020 17:33,2,0,0
889,2/6/2020 20:05,"Toronto, ON",Canada,4/2/2020 0:13,2,0,0
890,2/6/2020 20:05,,Italy,1/31/2020 8:15,2,0,0
891,2/6/2020 20:05,,Philippines,2/2/2020 3:33,2,1,0
892,2/6/2020 20:05,,Russia,1/31/2020 16:13,2,0,0
893,2/6/2020 20:05,,UK,1/2/2020 1:52,2,0,0
894,2/6/2020 20:05,"Chicago, IL",US,1/2/2020 19:43,2,0,0
895,2/6/2020 20:05,"San Benito, CA",US,3/2/2020 3:53,2,0,0
896,2/6/2020 20:05,"Santa Clara, CA",US,3/2/2020 0:43,2,0,0
897,2/6/2020 20:05,,Belgium,4/2/2020 15:43,1,0,0
898,2/6/2020 20:05,,Cambodia,1/31/2020 8:15,1,0,0
899,2/6/2020 20:05,"London, ON",Canada,4/2/2020 0:03,1,0,0
900,2/6/2020 20:05,,Finland,1/31/2020 8:15,1,0,0
901,2/6/2020 20:05,Tibet,Mainland China,1/2/2020 1:52,1,0,0
902,2/6/2020 20:05,,Nepal,1/31/2020 8:15,1,0,0
903,2/6/2020 20:05,,Spain,1/2/2020 23:43,1,0,0
904,2/6/2020 20:05,,Sri Lanka,1/31/2020 8:15,1,0,0
905,2/6/2020 20:05,,Sweden,1/2/2020 2:13,1,0,0
906,2/6/2020 20:05,"Boston, MA",US,1/2/2020 19:43,1,0,0
907,2/6/2020 20:05,"Los Angeles, CA",US,1/2/2020 19:53,1,0,0
908,2/6/2020 20:05,"Madison, WI",US,5/2/2020 21:53,1,0,0
909,2/6/2020 20:05,"Orange, CA",US,1/2/2020 19:53,1,0,0
910,2/6/2020 20:05,"Seattle, WA",US,1/2/2020 19:43,1,0,0
911,2/6/2020 20:05,"Tempe, AZ",US,1/2/2020 19:43,1,0,0
912,2/7/2020 20:24,Hubei,Mainland China,7/2/2020 14:03,22112,618,867
913,2/7/2020 20:24,Guangdong,Mainland China,7/2/2020 10:13,1034,1,88
914,2/7/2020 20:24,Zhejiang,Mainland China,7/2/2020 11:33,1006,0,123
915,2/7/2020 20:24,Henan,Mainland China,7/2/2020 14:03,914,3,86
916,2/7/2020 20:24,Hunan,Mainland China,7/2/2020 11:33,772,0,112
917,2/7/2020 20:24,Anhui,Mainland China,7/2/2020 5:13,665,0,47
918,2/7/2020 20:24,Jiangxi,Mainland China,7/2/2020 1:23,661,0,45
919,2/7/2020 20:24,Chongqing,Mainland China,7/2/2020 12:03,415,2,31
920,2/7/2020 20:24,Jiangsu,Mainland China,7/2/2020 14:03,408,0,43
921,2/7/2020 20:24,Shandong,Mainland China,7/2/2020 11:33,386,0,37
922,2/7/2020 20:24,Sichuan,Mainland China,7/2/2020 8:23,344,1,42
923,2/7/2020 20:24,Beijing,Mainland China,7/2/2020 3:23,297,1,33
924,2/7/2020 20:24,Heilongjiang,Mainland China,7/2/2020 7:43,277,3,12
925,2/7/2020 20:24,Shanghai,Mainland China,7/2/2020 6:14,277,1,30
926,2/7/2020 20:24,Fujian,Mainland China,7/2/2020 13:23,224,0,20
927,2/7/2020 20:24,Shaanxi,Mainland China,7/2/2020 8:23,184,0,17
928,2/7/2020 20:24,Guangxi,Mainland China,7/2/2020 0:33,172,0,17
929,2/7/2020 20:24,Hebei,Mainland China,7/2/2020 12:03,172,1,22
930,2/7/2020 20:24,Yunnan,Mainland China,7/2/2020 23:23,138,0,12
931,2/7/2020 20:24,Hainan,Mainland China,7/2/2020 12:33,117,2,10
932,2/7/2020 20:24,Liaoning,Mainland China,7/2/2020 15:33,99,0,7
933,2/7/2020 20:24,Shanxi,Mainland China,7/2/2020 12:33,96,0,15
934,2/7/2020 20:24,Guizhou,Mainland China,7/2/2020 11:13,81,1,6
935,2/7/2020 20:24,Tianjin,Mainland China,7/2/2020 5:43,81,1,2
936,2/7/2020 20:24,Gansu,Mainland China,7/2/2020 2:33,67,0,9
937,2/7/2020 20:24,Jilin,Mainland China,7/2/2020 0:43,65,1,4
938,2/7/2020 20:24,Cruise Ship,Others,7/2/2020 16:33,61,0,0
939,2/7/2020 20:24,Inner Mongolia,Mainland China,7/2/2020 11:13,50,0,5
940,2/7/2020 20:24,Ningxia,Mainland China,7/2/2020 11:13,43,0,5
941,2/7/2020 20:24,Xinjiang,Mainland China,7/2/2020 1:43,39,0,0
942,2/7/2020 20:24,,Singapore,7/2/2020 3:03,30,0,0
943,2/7/2020 20:24,Hong Kong,Hong Kong,7/2/2020 11:53,25,1,0
944,2/7/2020 20:24,,Japan,7/2/2020 4:13,25,0,1
945,2/7/2020 20:24,,Thailand,4/2/2020 15:33,25,0,5
946,2/7/2020 20:24,,South Korea,7/2/2020 3:03,24,0,1
947,2/7/2020 20:24,Qinghai,Mainland China,6/2/2020 2:13,18,0,3
948,2/7/2020 20:24,Taiwan,Taiwan,6/2/2020 15:03,16,0,1
949,2/7/2020 20:24,,Germany,7/2/2020 16:33,13,0,0
950,2/7/2020 20:24,,Malaysia,7/2/2020 9:13,12,0,1
951,2/7/2020 20:24,Macau,Macau,6/2/2020 14:23,10,0,1
952,2/7/2020 20:24,,Vietnam,6/2/2020 1:13,10,0,1
953,2/7/2020 20:24,,France,1/2/2020 1:52,6,0,0
954,2/7/2020 20:24,Queensland,Australia,7/2/2020 1:03,5,0,0
955,2/7/2020 20:24,,United Arab Emirates,2/2/2020 5:43,5,0,0
956,2/7/2020 20:24,New South Wales,Australia,6/2/2020 3:13,4,0,2
957,2/7/2020 20:24,Victoria,Australia,1/2/2020 18:12,4,0,0
958,2/7/2020 20:24,British Columbia,Canada,7/2/2020 5:43,4,0,0
959,2/7/2020 20:24,,India,3/2/2020 21:43,3,0,0
960,2/7/2020 20:24,,Italy,7/2/2020 17:53,3,0,0
961,2/7/2020 20:24,,Philippines,7/2/2020 16:43,3,1,0
962,2/7/2020 20:24,,UK,7/2/2020 18:33,3,0,0
963,2/7/2020 20:24,South Australia,Australia,2/2/2020 22:33,2,0,0
964,2/7/2020 20:24,"Toronto, ON",Canada,4/2/2020 0:13,2,0,0
965,2/7/2020 20:24,,Russia,1/31/2020 16:13,2,0,0
966,2/7/2020 20:24,"Chicago, IL",US,1/2/2020 19:43,2,0,0
967,2/7/2020 20:24,"San Benito, CA",US,3/2/2020 3:53,2,0,0
968,2/7/2020 20:24,"Santa Clara, CA",US,3/2/2020 0:43,2,0,0
969,2/7/2020 20:24,,Belgium,4/2/2020 15:43,1,0,0
970,2/7/2020 20:24,,Cambodia,1/31/2020 8:15,1,0,0
971,2/7/2020 20:24,"London, ON",Canada,4/2/2020 0:03,1,0,0
972,2/7/2020 20:24,,Finland,1/31/2020 8:15,1,0,0
973,2/7/2020 20:24,Tibet,Mainland China,1/2/2020 1:52,1,0,0
974,2/7/2020 20:24,,Nepal,1/31/2020 8:15,1,0,0
975,2/7/2020 20:24,,Spain,1/2/2020 23:43,1,0,0
976,2/7/2020 20:24,,Sri Lanka,1/31/2020 8:15,1,0,0
977,2/7/2020 20:24,,Sweden,1/2/2020 2:13,1,0,0
978,2/7/2020 20:24,"Boston, MA",US,1/2/2020 19:43,1,0,0
979,2/7/2020 20:24,"Los Angeles, CA",US,1/2/2020 19:53,1,0,0
980,2/7/2020 20:24,"Madison, WI",US,5/2/2020 21:53,1,0,0
981,2/7/2020 20:24,"Orange, CA",US,1/2/2020 19:53,1,0,0
982,2/7/2020 20:24,"Seattle, WA",US,1/2/2020 19:43,1,0,0
983,2/7/2020 20:24,"Tempe, AZ",US,1/2/2020 19:43,1,0,0
984,2/8/2020 23:04,Hubei,Mainland China,9/2/2020 3:03,27100,780,1440
985,2/8/2020 23:04,Guangdong,Mainland China,9/2/2020 1:53,1120,1,125
986,2/8/2020 23:04,Zhejiang,Mainland China,9/2/2020 3:03,1075,0,185
987,2/8/2020 23:04,Henan,Mainland China,9/2/2020 1:13,1033,6,131
988,2/8/2020 23:04,Hunan,Mainland China,9/2/2020 1:13,838,1,159
989,2/8/2020 23:04,Anhui,Mainland China,9/2/2020 1:23,779,1,59
990,2/8/2020 23:04,Jiangxi,Mainland China,9/2/2020 1:23,740,0,72
991,2/8/2020 23:04,Jiangsu,Mainland China,9/2/2020 3:33,468,0,58
992,2/8/2020 23:04,Chongqing,Mainland China,9/2/2020 0:43,446,2,39
993,2/8/2020 23:04,Shandong,Mainland China,9/2/2020 2:13,435,1,50
994,2/8/2020 23:04,Sichuan,Mainland China,9/2/2020 1:13,386,1,60
995,2/8/2020 23:04,Beijing,Mainland China,9/2/2020 3:43,326,2,37
996,2/8/2020 23:04,Heilongjiang,Mainland China,9/2/2020 1:03,307,6,13
997,2/8/2020 23:04,Shanghai,Mainland China,9/2/2020 1:33,292,1,41
998,2/8/2020 23:04,Fujian,Mainland China,9/2/2020 3:43,250,0,26
999,2/8/2020 23:04,Shaanxi,Mainland China,9/2/2020 3:03,208,0,25
1000,2/8/2020 23:04,Hebei,Mainland China,9/2/2020 1:03,206,2,30
1001,2/8/2020 23:04,Guangxi,Mainland China,9/2/2020 0:33,195,1,18
1002,2/8/2020 23:04,Yunnan,Mainland China,9/2/2020 0:13,140,0,17
1003,2/8/2020 23:04,Hainan,Mainland China,9/2/2020 1:53,128,2,15
1004,2/8/2020 23:04,Shanxi,Mainland China,8/2/2020 23:53,115,0,21
1005,2/8/2020 23:04,Liaoning,Mainland China,8/2/2020 11:53,105,0,8
1006,2/8/2020 23:04,Guizhou,Mainland China,9/2/2020 1:23,96,1,7
1007,2/8/2020 23:04,Tianjin,Mainland China,9/2/2020 4:03,90,1,4
1008,2/8/2020 23:04,Gansu,Mainland China,8/2/2020 15:13,79,1,12
1009,2/8/2020 23:04,Jilin,Mainland China,9/2/2020 0:53,78,1,5
1010,2/8/2020 23:04,Cruise Ship,Others,7/2/2020 16:33,61,0,0
1011,2/8/2020 23:04,Inner Mongolia,Mainland China,9/2/2020 2:23,54,0,5
1012,2/8/2020 23:04,Ningxia,Mainland China,9/2/2020 2:03,45,0,13
1013,2/8/2020 23:04,Xinjiang,Mainland China,9/2/2020 1:23,45,0,0
1014,2/8/2020 23:04,,Singapore,9/2/2020 2:43,40,0,2
1015,2/8/2020 23:04,,Thailand,8/2/2020 12:53,32,0,10
1016,2/8/2020 23:04,Hong Kong,Hong Kong,8/2/2020 0:03,26,1,0
1017,2/8/2020 23:04,,Japan,7/2/2020 4:13,25,0,1
1018,2/8/2020 23:04,,South Korea,9/2/2020 2:33,25,0,3
1019,2/8/2020 23:04,Qinghai,Mainland China,6/2/2020 2:13,18,0,3
1020,2/8/2020 23:04,Taiwan,Taiwan,8/2/2020 5:23,17,0,1
1021,2/8/2020 23:04,,Malaysia,8/2/2020 10:23,16,0,1
1022,2/8/2020 23:04,,Germany,7/2/2020 16:33,13,0,0
1023,2/8/2020 23:04,,Vietnam,8/2/2020 7:23,13,0,1
1024,2/8/2020 23:04,,France,8/2/2020 9:53,11,0,0
1025,2/8/2020 23:04,Macau,Macau,6/2/2020 14:23,10,0,1
1026,2/8/2020 23:04,,United Arab Emirates,8/2/2020 7:03,7,0,0
1027,2/8/2020 23:04,Queensland,Australia,7/2/2020 1:03,5,0,0
1028,2/8/2020 23:04,New South Wales,Australia,6/2/2020 3:13,4,0,2
1029,2/8/2020 23:04,Victoria,Australia,1/2/2020 18:12,4,0,0
1030,2/8/2020 23:04,British Columbia,Canada,7/2/2020 5:43,4,0,0
1031,2/8/2020 23:04,,India,3/2/2020 21:43,3,0,0
1032,2/8/2020 23:04,,Italy,7/2/2020 17:53,3,0,0
1033,2/8/2020 23:04,,Philippines,7/2/2020 16:43,3,1,0
1034,2/8/2020 23:04,,UK,7/2/2020 18:33,3,0,0
1035,2/8/2020 23:04,South Australia,Australia,2/2/2020 22:33,2,0,0
1036,2/8/2020 23:04,"Toronto, ON",Canada,4/2/2020 0:13,2,0,0
1037,2/8/2020 23:04,,Russia,1/31/2020 16:13,2,0,0
1038,2/8/2020 23:04,"Chicago, IL",US,1/2/2020 19:43,2,0,0
1039,2/8/2020 23:04,"San Benito, CA",US,3/2/2020 3:53,2,0,0
1040,2/8/2020 23:04,"Santa Clara, CA",US,3/2/2020 0:43,2,0,0
1041,2/8/2020 23:04,,Belgium,4/2/2020 15:43,1,0,0
1042,2/8/2020 23:04,,Cambodia,1/31/2020 8:15,1,0,0
1043,2/8/2020 23:04,"London, ON",Canada,4/2/2020 0:03,1,0,0
1044,2/8/2020 23:04,,Finland,1/31/2020 8:15,1,0,0
1045,2/8/2020 23:04,Tibet,Mainland China,1/2/2020 1:52,1,0,0
1046,2/8/2020 23:04,,Nepal,1/31/2020 8:15,1,0,0
1047,2/8/2020 23:04,,Spain,1/2/2020 23:43,1,0,0
1048,2/8/2020 23:04,,Sri Lanka,8/2/2020 3:43,1,0,1
1049,2/8/2020 23:04,,Sweden,1/2/2020 2:13,1,0,0
1050,2/8/2020 23:04,"Boston, MA",US,1/2/2020 19:43,1,0,0
1051,2/8/2020 23:04,"Los Angeles, CA",US,1/2/2020 19:53,1,0,0
1052,2/8/2020 23:04,"Madison, WI",US,5/2/2020 21:53,1,0,0
1053,2/8/2020 23:04,"Orange, CA",US,1/2/2020 19:53,1,0,0
1054,2/8/2020 23:04,"Seattle, WA",US,1/2/2020 19:43,1,0,0
1055,2/8/2020 23:04,"Tempe, AZ",US,1/2/2020 19:43,1,0,0
1056,2/9/2020 23:20,Hubei,Mainland China,2/9/2020 23:33,29631,871,1795
1057,2/9/2020 23:20,Guangdong,Mainland China,2/10/2020 3:43,1151,1,147
1058,2/9/2020 23:20,Zhejiang,Mainland China,2/10/2020 1:13,1092,0,201
1059,2/9/2020 23:20,Henan,Mainland China,2/10/2020 1:13,1073,6,169
1060,2/9/2020 23:20,Hunan,Mainland China,2/10/2020 2:13,879,1,186
1061,2/9/2020 23:20,Anhui,Mainland China,2/10/2020 2:03,830,3,73
1062,2/9/2020 23:20,Jiangxi,Mainland China,2/10/2020 1:23,771,1,102
1063,2/9/2020 23:20,Jiangsu,Mainland China,2/10/2020 1:43,492,0,72
1064,2/9/2020 23:20,Chongqing,Mainland China,2/9/2020 23:53,468,2,51
1065,2/9/2020 23:20,Shandong,Mainland China,2/10/2020 0:43,459,1,63
1066,2/9/2020 23:20,Sichuan,Mainland China,2/10/2020 1:03,405,1,76
1067,2/9/2020 23:20,Beijing,Mainland China,2/10/2020 3:13,337,2,44
1068,2/9/2020 23:20,Heilongjiang,Mainland China,2/10/2020 0:33,331,7,15
1069,2/9/2020 23:20,Shanghai,Mainland China,2/10/2020 1:33,295,1,44
1070,2/9/2020 23:20,Fujian,Mainland China,2/10/2020 1:13,261,0,35
1071,2/9/2020 23:20,Hebei,Mainland China,2/10/2020 0:23,218,2,35
1072,2/9/2020 23:20,Shaanxi,Mainland China,2/10/2020 2:23,213,0,26
1073,2/9/2020 23:20,Guangxi,Mainland China,2/10/2020 2:03,210,1,18
1074,2/9/2020 23:20,Yunnan,Mainland China,2/9/2020 8:53,141,0,18
1075,2/9/2020 23:20,Hainan,Mainland China,2/10/2020 0:43,136,3,19
1076,2/9/2020 23:20,Shanxi,Mainland China,2/9/2020 23:43,119,0,25
1077,2/9/2020 23:20,Guizhou,Mainland China,2/10/2020 1:33,109,1,7
1078,2/9/2020 23:20,Liaoning,Mainland China,2/9/2020 12:23,107,0,12
1079,2/9/2020 23:20,Tianjin,Mainland China,2/10/2020 3:43,94,1,4
1080,2/9/2020 23:20,Gansu,Mainland China,2/9/2020 23:33,83,2,16
1081,2/9/2020 23:20,Jilin,Mainland China,2/10/2020 0:33,80,1,12
1082,2/9/2020 23:20,Diamond Princess cruise ship,Others,2/9/2020 6:13,64,0,0
1083,2/9/2020 23:20,Inner Mongolia,Mainland China,2/10/2020 2:43,58,0,5
1084,2/9/2020 23:20,Ningxia,Mainland China,2/10/2020 1:43,49,0,13
1085,2/9/2020 23:20,Xinjiang,Mainland China,2/10/2020 1:13,49,0,0
1086,2/9/2020 23:20,,Singapore,2/10/2020 3:03,43,0,2
1087,2/9/2020 23:20,Hong Kong,Hong Kong,2/10/2020 0:03,36,1,0
1088,2/9/2020 23:20,,Thailand,2/8/2020 12:53,32,0,10
1089,2/9/2020 23:20,,South Korea,2/10/2020 3:03,27,0,3
1090,2/9/2020 23:20,,Japan,2/9/2020 6:13,26,0,1
1091,2/9/2020 23:20,Qinghai,Mainland China,2/6/2020 2:13,18,0,3
1092,2/9/2020 23:20,,Malaysia,2/10/2020 3:03,18,0,1
1093,2/9/2020 23:20,Taiwan,Taiwan,2/9/2020 9:13,18,0,1
1094,2/9/2020 23:20,,Germany,2/9/2020 6:13,14,0,0
1095,2/9/2020 23:20,,Vietnam,2/10/2020 3:03,14,0,1
1096,2/9/2020 23:20,,France,2/8/2020 9:53,11,0,0
1097,2/9/2020 23:20,Macau,Macau,2/6/2020 14:23,10,0,1
1098,2/9/2020 23:20,,United Arab Emirates,2/8/2020 7:03,7,0,0
1099,2/9/2020 23:20,Queensland,Australia,2/9/2020 19:33,5,0,0
1100,2/9/2020 23:20,New South Wales,Australia,2/6/2020 3:13,4,0,2
1101,2/9/2020 23:20,Victoria,Australia,2/1/2020 18:12,4,0,0
1102,2/9/2020 23:20,British Columbia,Canada,2/7/2020 5:43,4,0,0
1103,2/9/2020 23:20,,India,2/3/2020 21:43,3,0,0
1104,2/9/2020 23:20,,Italy,2/7/2020 17:53,3,0,0
1105,2/9/2020 23:20,,Philippines,2/7/2020 16:43,3,1,0
1106,2/9/2020 23:20,,UK,2/7/2020 18:33,3,0,0
1107,2/9/2020 23:20,South Australia,Australia,2/2/2020 22:33,2,0,0
1108,2/9/2020 23:20,"Toronto, ON",Canada,2/4/2020 0:13,2,0,0
1109,2/9/2020 23:20,,Russia,1/31/2020 16:13,2,0,0
1110,2/9/2020 23:20,,Spain,2/9/2020 20:33,2,0,0
1111,2/9/2020 23:20,"Chicago, IL",US,2/9/2020 19:03,2,0,2
1112,2/9/2020 23:20,"San Benito, CA",US,2/3/2020 3:53,2,0,0
1113,2/9/2020 23:20,"Santa Clara, CA",US,2/3/2020 0:43,2,0,0
1114,2/9/2020 23:20,,Belgium,2/4/2020 15:43,1,0,0
1115,2/9/2020 23:20,,Cambodia,1/31/2020 8:15,1,0,0
1116,2/9/2020 23:20,"London, ON",Canada,2/4/2020 0:03,1,0,0
1117,2/9/2020 23:20,,Finland,1/31/2020 8:15,1,0,0
1118,2/9/2020 23:20,Tibet,Mainland China,2/1/2020 1:52,1,0,0
1119,2/9/2020 23:20,,Nepal,1/31/2020 8:15,1,0,0
1120,2/9/2020 23:20,,Sri Lanka,2/8/2020 3:43,1,0,1
1121,2/9/2020 23:20,,Sweden,2/1/2020 2:13,1,0,0
1122,2/9/2020 23:20,"Boston, MA",US,2/1/2020 19:43,1,0,0
1123,2/9/2020 23:20,"Los Angeles, CA",US,2/1/2020 19:53,1,0,0
1124,2/9/2020 23:20,"Madison, WI",US,2/5/2020 21:53,1,0,0
1125,2/9/2020 23:20,"Orange, CA",US,2/1/2020 19:53,1,0,0
1126,2/9/2020 23:20,"Seattle, WA",US,2/9/2020 7:03,1,0,1
1127,2/9/2020 23:20,"Tempe, AZ",US,2/1/2020 19:43,1,0,0
1128,2/10/2020 19:30,Hubei,Mainland China,2/10/2020 23:33,31728,974,2222
1129,2/10/2020 19:30,Guangdong,Mainland China,2/10/2020 13:43,1159,1,167
1130,2/10/2020 19:30,Zhejiang,Mainland China,2/10/2020 14:13,1092,0,242
1131,2/10/2020 19:30,Henan,Mainland China,2/10/2020 13:53,1073,6,191
1132,2/10/2020 19:30,Hunan,Mainland China,2/10/2020 13:53,879,1,208
1133,2/10/2020 19:30,Anhui,Mainland China,2/10/2020 7:23,830,3,88
1134,2/10/2020 19:30,Jiangxi,Mainland China,2/10/2020 13:53,771,1,105
1135,2/10/2020 19:30,Jiangsu,Mainland China,2/10/2020 14:03,492,0,81
1136,2/10/2020 19:30,Chongqing,Mainland China,2/10/2020 23:43,486,2,66
1137,2/10/2020 19:30,Shandong,Mainland China,2/10/2020 9:33,466,1,66
1138,2/10/2020 19:30,Sichuan,Mainland China,2/10/2020 10:03,405,1,80
1139,2/10/2020 19:30,Beijing,Mainland China,2/10/2020 3:13,337,2,44
1140,2/10/2020 19:30,Heilongjiang,Mainland China,2/10/2020 7:33,331,7,30
1141,2/10/2020 19:30,Shanghai,Mainland China,2/10/2020 6:03,299,1,48
1142,2/10/2020 19:30,Fujian,Mainland China,2/10/2020 14:03,261,0,39
1143,2/10/2020 19:30,Hebei,Mainland China,2/10/2020 10:03,218,2,41
1144,2/10/2020 19:30,Shaanxi,Mainland China,2/10/2020 13:23,213,0,30
1145,2/10/2020 19:30,Guangxi,Mainland China,2/10/2020 14:03,210,1,24
1146,2/10/2020 19:30,Yunnan,Mainland China,2/10/2020 9:43,149,0,19
1147,2/10/2020 19:30,Hainan,Mainland China,2/10/2020 9:33,138,3,19
1148,2/10/2020 19:30,Diamond Princess cruise ship,Others,2/10/2020 16:03,135,0,0
1149,2/10/2020 19:30,Shanxi,Mainland China,2/9/2020 23:43,119,0,25
1150,2/10/2020 19:30,Guizhou,Mainland China,2/10/2020 12:33,109,1,10
1151,2/10/2020 19:30,Liaoning,Mainland China,2/10/2020 14:03,108,0,13
1152,2/10/2020 19:30,Tianjin,Mainland China,2/10/2020 14:23,95,1,8
1153,2/10/2020 19:30,Gansu,Mainland China,2/11/2020 0:13,86,2,21
1154,2/10/2020 19:30,Jilin,Mainland China,2/11/2020 0:23,81,1,13
1155,2/10/2020 19:30,Inner Mongolia,Mainland China,2/10/2020 2:43,58,0,5
1156,2/10/2020 19:30,Ningxia,Mainland China,2/10/2020 1:43,49,0,13
1157,2/10/2020 19:30,Xinjiang,Mainland China,2/10/2020 1:13,49,0,0
1158,2/10/2020 19:30,,Singapore,2/10/2020 19:03,45,0,2
1159,2/10/2020 19:30,Hong Kong,Hong Kong,2/10/2020 10:13,38,1,0
1160,2/10/2020 19:30,,Thailand,2/8/2020 12:53,32,0,10
1161,2/10/2020 19:30,,South Korea,2/10/2020 3:03,27,0,3
1162,2/10/2020 19:30,,Japan,2/10/2020 21:33,26,0,4
1163,2/10/2020 19:30,Qinghai,Mainland China,2/6/2020 2:13,18,0,3
1164,2/10/2020 19:30,,Malaysia,2/10/2020 3:03,18,0,1
1165,2/10/2020 19:30,Taiwan,Taiwan,2/9/2020 9:13,18,0,1
1166,2/10/2020 19:30,,Germany,2/9/2020 6:13,14,0,0
1167,2/10/2020 19:30,,Vietnam,2/10/2020 3:03,14,0,1
1168,2/10/2020 19:30,,France,2/8/2020 9:53,11,0,0
1169,2/10/2020 19:30,Macau,Macau,2/6/2020 14:23,10,0,1
1170,2/10/2020 19:30,,UK,2/10/2020 19:03,8,0,0
1171,2/10/2020 19:30,,United Arab Emirates,2/10/2020 23:03,8,0,0
1172,2/10/2020 19:30,Queensland,Australia,2/9/2020 19:33,5,0,0
1173,2/10/2020 19:30,New South Wales,Australia,2/6/2020 3:13,4,0,2
1174,2/10/2020 19:30,Victoria,Australia,2/1/2020 18:12,4,0,0
1175,2/10/2020 19:30,British Columbia,Canada,2/7/2020 5:43,4,0,0
1176,2/10/2020 19:30,,India,2/3/2020 21:43,3,0,0
1177,2/10/2020 19:30,,Italy,2/7/2020 17:53,3,0,0
1178,2/10/2020 19:30,,Philippines,2/7/2020 16:43,3,1,0
1179,2/10/2020 19:30,South Australia,Australia,2/2/2020 22:33,2,0,0
1180,2/10/2020 19:30,"Toronto, ON",Canada,2/4/2020 0:13,2,0,0
1181,2/10/2020 19:30,,Russia,1/31/2020 16:13,2,0,0
1182,2/10/2020 19:30,,Spain,2/9/2020 20:33,2,0,0
1183,2/10/2020 19:30,"Chicago, IL",US,2/9/2020 19:03,2,0,2
1184,2/10/2020 19:30,"San Benito, CA",US,2/3/2020 3:53,2,0,0
1185,2/10/2020 19:30,"Santa Clara, CA",US,2/3/2020 0:43,2,0,0
1186,2/10/2020 19:30,,Belgium,2/4/2020 15:43,1,0,0
1187,2/10/2020 19:30,,Cambodia,1/31/2020 8:15,1,0,0
1188,2/10/2020 19:30,"London, ON",Canada,2/4/2020 0:03,1,0,0
1189,2/10/2020 19:30,,Finland,1/31/2020 8:15,1,0,0
1190,2/10/2020 19:30,Tibet,Mainland China,2/1/2020 1:52,1,0,0
1191,2/10/2020 19:30,,Nepal,1/31/2020 8:15,1,0,0
1192,2/10/2020 19:30,,Sri Lanka,2/8/2020 3:43,1,0,1
1193,2/10/2020 19:30,,Sweden,2/1/2020 2:13,1,0,0
1194,2/10/2020 19:30,"Boston, MA",US,2/1/2020 19:43,1,0,0
1195,2/10/2020 19:30,"Los Angeles, CA",US,2/1/2020 19:53,1,0,0
1196,2/10/2020 19:30,"Madison, WI",US,2/5/2020 21:53,1,0,0
1197,2/10/2020 19:30,"Orange, CA",US,2/1/2020 19:53,1,0,0
1198,2/10/2020 19:30,"Seattle, WA",US,2/9/2020 7:03,1,0,1
1199,2/10/2020 19:30,"Tempe, AZ",US,2/1/2020 19:43,1,0,0
